USE skill_exchange_db;

-- Dev login for all seeded users: password = Password123!
-- (bcrypt hash below; re-hash if you change the password.)

-- 1. University (20 Pakistani universities + 1 platform for superadmin)
INSERT INTO University (UniversityName, Address, ContactEmail) VALUES
('Information Technology University', 'Arfa Software Technology Park, Lahore', 'info@itu.edu.pk'),
('Lahore University of Management Sciences', 'DHA, Lahore', 'admissions@lums.edu.pk'),
('FAST University Lahore', 'Faisal Town, Lahore', 'lahore@nu.edu.pk'),
('University of Engineering and Technology Lahore', 'GT Road, Lahore', 'registrar@uet.edu.pk'),
('Punjab University', 'Quaid-e-Azam Campus, Lahore', 'info@pu.edu.pk'),
('NUST Islamabad', 'H-12, Islamabad', 'contact@nust.edu.pk'),
('COMSATS Islamabad', 'Park Road, Islamabad', 'info@comsats.edu.pk'),
('Bahria University Islamabad', 'E-8, Islamabad', 'admissions@bahria.edu.pk'),
('University of Karachi', 'Karachi', 'info@uok.edu.pk'),
('NED University Karachi', 'Karachi', 'registrar@neduet.edu.pk'),
('University of Peshawar', 'Peshawar', 'info@uop.edu.pk'),
('University of Faisalabad', 'Faisalabad', 'info@uaf.edu.pk'),
('University of Multan', 'Multan', 'info@mul.edu.pk'),
('University of Sargodha', 'Sargodha', 'info@uos.edu.pk'),
('Islamia University Bahawalpur', 'Bahawalpur', 'info@iub.edu.pk'),
('University of Gujrat', 'Gujrat', 'info@uog.edu.pk'),
('Air University Islamabad', 'E-9, Islamabad', 'info@au.edu.pk'),
('GIK Institute', 'Topi, KPK', 'info@giki.edu.pk'),
('University of Lahore', 'Lahore', 'info@uol.edu.pk'),
('SZABIST Karachi', 'Karachi', 'admissions@szabist.edu.pk'),
('Platform Administration', 'Virtual entity for platform-wide superadmin; schema requires Admin.UniversityID NOT NULL. Superadmin has control over all universities.', 'platform@skillexchange.edu.pk');

-- 2. User (UserID 1-21 admins, 22-141 students; 141 total)
INSERT INTO User (Email, PasswordHash, FullName, PhoneNumber, LastLogin) VALUES
('admin.itu@itu.edu.pk', '$2b$10$teLylwC3Icm2LJRcpJkG1.8pqZevi.6NcF0uFnXR0JaRe97GuT4mK', 'Dr. Rashid Mahmood', '+923001000001', NOW()),
('admin.lums@lums.edu.pk', '$2b$10$teLylwC3Icm2LJRcpJkG1.8pqZevi.6NcF0uFnXR0JaRe97GuT4mK', 'Ms. Sara Khan', '+923001000002', NOW()),
('admin.fast@nu.edu.pk', '$2b$10$teLylwC3Icm2LJRcpJkG1.8pqZevi.6NcF0uFnXR0JaRe97GuT4mK', 'Mr. Tariq Hussain', '+923001000003', NOW()),
('admin.uet@uet.edu.pk', '$2b$10$teLylwC3Icm2LJRcpJkG1.8pqZevi.6NcF0uFnXR0JaRe97GuT4mK', 'Dr. Farhan Ahmed', '+923001000004', NOW()),
('admin.pu@pu.edu.pk', '$2b$10$teLylwC3Icm2LJRcpJkG1.8pqZevi.6NcF0uFnXR0JaRe97GuT4mK', 'Prof. Nadia Akhtar', '+923001000005', NOW()),
('admin.nust@nust.edu.pk', '$2b$10$teLylwC3Icm2LJRcpJkG1.8pqZevi.6NcF0uFnXR0JaRe97GuT4mK', 'Col. Imran Sheikh', '+923001000006', NOW()),
('admin.comsats@comsats.edu.pk', '$2b$10$teLylwC3Icm2LJRcpJkG1.8pqZevi.6NcF0uFnXR0JaRe97GuT4mK', 'Dr. Sadia Malik', '+923001000007', NOW()),
('admin.bahria@bahria.edu.pk', '$2b$10$teLylwC3Icm2LJRcpJkG1.8pqZevi.6NcF0uFnXR0JaRe97GuT4mK', 'Cdr. Asad Raza', '+923001000008', NOW()),
('admin.uok@uok.edu.pk', '$2b$10$teLylwC3Icm2LJRcpJkG1.8pqZevi.6NcF0uFnXR0JaRe97GuT4mK', 'Dr. Samina Qureshi', '+923001000009', NOW()),
('admin.ned@neduet.edu.pk', '$2b$10$teLylwC3Icm2LJRcpJkG1.8pqZevi.6NcF0uFnXR0JaRe97GuT4mK', 'Prof. Khalid Mirza', '+923001000010', NOW()),
('admin.uop@uop.edu.pk', '$2b$10$teLylwC3Icm2LJRcpJkG1.8pqZevi.6NcF0uFnXR0JaRe97GuT4mK', 'Dr. Gulnaz Bibi', '+923001000011', NOW()),
('admin.uaf@uaf.edu.pk', '$2b$10$teLylwC3Icm2LJRcpJkG1.8pqZevi.6NcF0uFnXR0JaRe97GuT4mK', 'Mr. Waqas Ali', '+923001000012', NOW()),
('admin.mul@mul.edu.pk', '$2b$10$teLylwC3Icm2LJRcpJkG1.8pqZevi.6NcF0uFnXR0JaRe97GuT4mK', 'Dr. Hina Tariq', '+923001000013', NOW()),
('admin.uos@uos.edu.pk', '$2b$10$teLylwC3Icm2LJRcpJkG1.8pqZevi.6NcF0uFnXR0JaRe97GuT4mK', 'Prof. Zafar Iqbal', '+923001000014', NOW()),
('admin.iub@iub.edu.pk', '$2b$10$teLylwC3Icm2LJRcpJkG1.8pqZevi.6NcF0uFnXR0JaRe97GuT4mK', 'Dr. Amina Noor', '+923001000015', NOW()),
('admin.uog@uog.edu.pk', '$2b$10$teLylwC3Icm2LJRcpJkG1.8pqZevi.6NcF0uFnXR0JaRe97GuT4mK', 'Mr. Faisal Javed', '+923001000016', NOW()),
('admin.au@au.edu.pk', '$2b$10$teLylwC3Icm2LJRcpJkG1.8pqZevi.6NcF0uFnXR0JaRe97GuT4mK', 'Gp Capt. Nadir Khan', '+923001000017', NOW()),
('admin.giki@giki.edu.pk', '$2b$10$teLylwC3Icm2LJRcpJkG1.8pqZevi.6NcF0uFnXR0JaRe97GuT4mK', 'Dr. Yasir Abbasi', '+923001000018', NOW()),
('admin.uol@uol.edu.pk', '$2b$10$teLylwC3Icm2LJRcpJkG1.8pqZevi.6NcF0uFnXR0JaRe97GuT4mK', 'Ms. Rabia Hassan', '+923001000019', NOW()),
('admin.szabist@szabist.edu.pk', '$2b$10$teLylwC3Icm2LJRcpJkG1.8pqZevi.6NcF0uFnXR0JaRe97GuT4mK', 'Mr. Danish Farooq', '+923001000020', NOW()),
('superadmin@skillexchange.edu.pk', '$2b$10$teLylwC3Icm2LJRcpJkG1.8pqZevi.6NcF0uFnXR0JaRe97GuT4mK', 'Syed Omar Shah', '+923001000000', NOW()),
('ahmed.khan@itu.edu.pk', '$2b$10$teLylwC3Icm2LJRcpJkG1.8pqZevi.6NcF0uFnXR0JaRe97GuT4mK', 'Ahmed Khan', '+923002200001', NULL), ('sana.ali@itu.edu.pk', '$2b$10$teLylwC3Icm2LJRcpJkG1.8pqZevi.6NcF0uFnXR0JaRe97GuT4mK', 'Sana Ali', '+923002300001', NULL), ('hassan.raza@itu.edu.pk', '$2b$10$teLylwC3Icm2LJRcpJkG1.8pqZevi.6NcF0uFnXR0JaRe97GuT4mK', 'Hassan Raza', '+923002400001', NULL), ('fatima.malik@itu.edu.pk', '$2b$10$teLylwC3Icm2LJRcpJkG1.8pqZevi.6NcF0uFnXR0JaRe97GuT4mK', 'Fatima Malik', '+923002500001', NULL), ('usman.tariq@itu.edu.pk', '$2b$10$teLylwC3Icm2LJRcpJkG1.8pqZevi.6NcF0uFnXR0JaRe97GuT4mK', 'Usman Tariq', '+923002600001', NULL), ('zainab.hussain@itu.edu.pk', '$2b$10$teLylwC3Icm2LJRcpJkG1.8pqZevi.6NcF0uFnXR0JaRe97GuT4mK', 'Zainab Hussain', '+923002700001', NULL),
('bilal.ahmed@lums.edu.pk', '$2b$10$teLylwC3Icm2LJRcpJkG1.8pqZevi.6NcF0uFnXR0JaRe97GuT4mK', 'Bilal Ahmed', '+923002800001', NULL), ('maryam.siddiqui@lums.edu.pk', '$2b$10$teLylwC3Icm2LJRcpJkG1.8pqZevi.6NcF0uFnXR0JaRe97GuT4mK', 'Maryam Siddiqui', '+923002900001', NULL), ('omar.farooq@lums.edu.pk', '$2b$10$teLylwC3Icm2LJRcpJkG1.8pqZevi.6NcF0uFnXR0JaRe97GuT4mK', 'Omar Farooq', '+923003000001', NULL), ('aisha.qureshi@lums.edu.pk', '$2b$10$teLylwC3Icm2LJRcpJkG1.8pqZevi.6NcF0uFnXR0JaRe97GuT4mK', 'Aisha Qureshi', '+923003100001', NULL), ('yusuf.khan@lums.edu.pk', '$2b$10$teLylwC3Icm2LJRcpJkG1.8pqZevi.6NcF0uFnXR0JaRe97GuT4mK', 'Yusuf Khan', '+923003200001', NULL), ('hira.mirza@lums.edu.pk', '$2b$10$teLylwC3Icm2LJRcpJkG1.8pqZevi.6NcF0uFnXR0JaRe97GuT4mK', 'Hira Mirza', '+923003300001', NULL),
('saad.mahmood@nu.edu.pk', '$2b$10$teLylwC3Icm2LJRcpJkG1.8pqZevi.6NcF0uFnXR0JaRe97GuT4mK', 'Saad Mahmood', '+923003400001', NULL), ('nimra.qureshi@nu.edu.pk', '$2b$10$teLylwC3Icm2LJRcpJkG1.8pqZevi.6NcF0uFnXR0JaRe97GuT4mK', 'Nimra Qureshi', '+923003500001', NULL), ('hamza.ali@nu.edu.pk', '$2b$10$teLylwC3Icm2LJRcpJkG1.8pqZevi.6NcF0uFnXR0JaRe97GuT4mK', 'Hamza Ali', '+923003600001', NULL), ('sara.khan@nu.edu.pk', '$2b$10$teLylwC3Icm2LJRcpJkG1.8pqZevi.6NcF0uFnXR0JaRe97GuT4mK', 'Sara Khan', '+923003700001', NULL), ('danial.raza@nu.edu.pk', '$2b$10$teLylwC3Icm2LJRcpJkG1.8pqZevi.6NcF0uFnXR0JaRe97GuT4mK', 'Danial Raza', '+923003800001', NULL), ('laiba.ahmed@nu.edu.pk', '$2b$10$teLylwC3Icm2LJRcpJkG1.8pqZevi.6NcF0uFnXR0JaRe97GuT4mK', 'Laiba Ahmed', '+923003900001', NULL),
('haris.farooq@uet.edu.pk', '$2b$10$teLylwC3Icm2LJRcpJkG1.8pqZevi.6NcF0uFnXR0JaRe97GuT4mK', 'Haris Farooq', '+923004000001', NULL), ('maheen.tariq@uet.edu.pk', '$2b$10$teLylwC3Icm2LJRcpJkG1.8pqZevi.6NcF0uFnXR0JaRe97GuT4mK', 'Maheen Tariq', '+923004100001', NULL), ('fahad.javed@uet.edu.pk', '$2b$10$teLylwC3Icm2LJRcpJkG1.8pqZevi.6NcF0uFnXR0JaRe97GuT4mK', 'Fahad Javed', '+923004200001', NULL), ('zoya.akhtar@uet.edu.pk', '$2b$10$teLylwC3Icm2LJRcpJkG1.8pqZevi.6NcF0uFnXR0JaRe97GuT4mK', 'Zoya Akhtar', '+923004300001', NULL), ('waleed.sheikh@uet.edu.pk', '$2b$10$teLylwC3Icm2LJRcpJkG1.8pqZevi.6NcF0uFnXR0JaRe97GuT4mK', 'Waleed Sheikh', '+923004400001', NULL), ('amina.noor@uet.edu.pk', '$2b$10$teLylwC3Icm2LJRcpJkG1.8pqZevi.6NcF0uFnXR0JaRe97GuT4mK', 'Amina Noor', '+923004500001', NULL),
('rehan.abbasi@pu.edu.pk', '$2b$10$teLylwC3Icm2LJRcpJkG1.8pqZevi.6NcF0uFnXR0JaRe97GuT4mK', 'Rehan Abbasi', '+923004600001', NULL), ('hiba.malik@pu.edu.pk', '$2b$10$teLylwC3Icm2LJRcpJkG1.8pqZevi.6NcF0uFnXR0JaRe97GuT4mK', 'Hiba Malik', '+923004700001', NULL), ('talha.hassan@pu.edu.pk', '$2b$10$teLylwC3Icm2LJRcpJkG1.8pqZevi.6NcF0uFnXR0JaRe97GuT4mK', 'Talha Hassan', '+923004800001', NULL), ('sadia.bibi@pu.edu.pk', '$2b$10$teLylwC3Icm2LJRcpJkG1.8pqZevi.6NcF0uFnXR0JaRe97GuT4mK', 'Sadia Bibi', '+923004900001', NULL), ('arham.iqbal@pu.edu.pk', '$2b$10$teLylwC3Icm2LJRcpJkG1.8pqZevi.6NcF0uFnXR0JaRe97GuT4mK', 'Arham Iqbal', '+923005000001', NULL), ('kiran.zafar@pu.edu.pk', '$2b$10$teLylwC3Icm2LJRcpJkG1.8pqZevi.6NcF0uFnXR0JaRe97GuT4mK', 'Kiran Zafar', '+923005100001', NULL),
('rayan.mirza@nust.edu.pk', '$2b$10$teLylwC3Icm2LJRcpJkG1.8pqZevi.6NcF0uFnXR0JaRe97GuT4mK', 'Rayan Mirza', '+923005200001', NULL), ('sumiya.khan@nust.edu.pk', '$2b$10$teLylwC3Icm2LJRcpJkG1.8pqZevi.6NcF0uFnXR0JaRe97GuT4mK', 'Sumiya Khan', '+923005300001', NULL), ('basit.qureshi@nust.edu.pk', '$2b$10$teLylwC3Icm2LJRcpJkG1.8pqZevi.6NcF0uFnXR0JaRe97GuT4mK', 'Basit Qureshi', '+923005400001', NULL), ('dua.ahmed@nust.edu.pk', '$2b$10$teLylwC3Icm2LJRcpJkG1.8pqZevi.6NcF0uFnXR0JaRe97GuT4mK', 'Dua Ahmed', '+923005500001', NULL), ('shayan.raza@nust.edu.pk', '$2b$10$teLylwC3Icm2LJRcpJkG1.8pqZevi.6NcF0uFnXR0JaRe97GuT4mK', 'Shayan Raza', '+923005600001', NULL), ('tayyaba.ali@nust.edu.pk', '$2b$10$teLylwC3Icm2LJRcpJkG1.8pqZevi.6NcF0uFnXR0JaRe97GuT4mK', 'Tayyaba Ali', '+923005700001', NULL),
('hammad.siddiqui@comsats.edu.pk', '$2b$10$teLylwC3Icm2LJRcpJkG1.8pqZevi.6NcF0uFnXR0JaRe97GuT4mK', 'Hammad Siddiqui', '+923005800001', NULL), ('areeba.mahmood@comsats.edu.pk', '$2b$10$teLylwC3Icm2LJRcpJkG1.8pqZevi.6NcF0uFnXR0JaRe97GuT4mK', 'Areeba Mahmood', '+923005900001', NULL), ('momin.farooq@comsats.edu.pk', '$2b$10$teLylwC3Icm2LJRcpJkG1.8pqZevi.6NcF0uFnXR0JaRe97GuT4mK', 'Momin Farooq', '+923006000001', NULL), ('sanaullah.khan@comsats.edu.pk', '$2b$10$teLylwC3Icm2LJRcpJkG1.8pqZevi.6NcF0uFnXR0JaRe97GuT4mK', 'Sanaullah Khan', '+923006100001', NULL), ('aneesa.tariq@comsats.edu.pk', '$2b$10$teLylwC3Icm2LJRcpJkG1.8pqZevi.6NcF0uFnXR0JaRe97GuT4mK', 'Aneesa Tariq', '+923006200001', NULL), ('junaid.javed@comsats.edu.pk', '$2b$10$teLylwC3Icm2LJRcpJkG1.8pqZevi.6NcF0uFnXR0JaRe97GuT4mK', 'Junaid Javed', '+923006300001', NULL),
('zeeshan.akhtar@bahria.edu.pk', '$2b$10$teLylwC3Icm2LJRcpJkG1.8pqZevi.6NcF0uFnXR0JaRe97GuT4mK', 'Zeeshan Akhtar', '+923006400001', NULL), ('sana.sheikh@bahria.edu.pk', '$2b$10$teLylwC3Icm2LJRcpJkG1.8pqZevi.6NcF0uFnXR0JaRe97GuT4mK', 'Sana Sheikh', '+923006500001', NULL), ('asad.noor@bahria.edu.pk', '$2b$10$teLylwC3Icm2LJRcpJkG1.8pqZevi.6NcF0uFnXR0JaRe97GuT4mK', 'Asad Noor', '+923006600001', NULL), ('filza.malik@bahria.edu.pk', '$2b$10$teLylwC3Icm2LJRcpJkG1.8pqZevi.6NcF0uFnXR0JaRe97GuT4mK', 'Filza Malik', '+923006700001', NULL), ('subhan.hassan@bahria.edu.pk', '$2b$10$teLylwC3Icm2LJRcpJkG1.8pqZevi.6NcF0uFnXR0JaRe97GuT4mK', 'Subhan Hassan', '+923006800001', NULL), ('ramsha.bibi@bahria.edu.pk', '$2b$10$teLylwC3Icm2LJRcpJkG1.8pqZevi.6NcF0uFnXR0JaRe97GuT4mK', 'Ramsha Bibi', '+923006900001', NULL),
('mustafa.iqbal@uok.edu.pk', '$2b$10$teLylwC3Icm2LJRcpJkG1.8pqZevi.6NcF0uFnXR0JaRe97GuT4mK', 'Mustafa Iqbal', '+923007000001', NULL), ('sana.zafar@uok.edu.pk', '$2b$10$teLylwC3Icm2LJRcpJkG1.8pqZevi.6NcF0uFnXR0JaRe97GuT4mK', 'Sana Zafar', '+923007100001', NULL), ('abdullah.mirza@uok.edu.pk', '$2b$10$teLylwC3Icm2LJRcpJkG1.8pqZevi.6NcF0uFnXR0JaRe97GuT4mK', 'Abdullah Mirza', '+923007200001', NULL), ('hania.khan@uok.edu.pk', '$2b$10$teLylwC3Icm2LJRcpJkG1.8pqZevi.6NcF0uFnXR0JaRe97GuT4mK', 'Hania Khan', '+923007300001', NULL), ('huzaifa.qureshi@uok.edu.pk', '$2b$10$teLylwC3Icm2LJRcpJkG1.8pqZevi.6NcF0uFnXR0JaRe97GuT4mK', 'Huzaifa Qureshi', '+923007400001', NULL), ('mahnoor.ahmed@uok.edu.pk', '$2b$10$teLylwC3Icm2LJRcpJkG1.8pqZevi.6NcF0uFnXR0JaRe97GuT4mK', 'Mahnoor Ahmed', '+923007500001', NULL),
('ateeb.raza@neduet.edu.pk', '$2b$10$teLylwC3Icm2LJRcpJkG1.8pqZevi.6NcF0uFnXR0JaRe97GuT4mK', 'Ateeb Raza', '+923007600001', NULL), ('kashaf.ali@neduet.edu.pk', '$2b$10$teLylwC3Icm2LJRcpJkG1.8pqZevi.6NcF0uFnXR0JaRe97GuT4mK', 'Kashaf Ali', '+923007700001', NULL), ('ibrar.siddiqui@neduet.edu.pk', '$2b$10$teLylwC3Icm2LJRcpJkG1.8pqZevi.6NcF0uFnXR0JaRe97GuT4mK', 'Ibrar Siddiqui', '+923007800001', NULL), ('minahil.mahmood@neduet.edu.pk', '$2b$10$teLylwC3Icm2LJRcpJkG1.8pqZevi.6NcF0uFnXR0JaRe97GuT4mK', 'Minahil Mahmood', '+923007900001', NULL), ('hassam.farooq@neduet.edu.pk', '$2b$10$teLylwC3Icm2LJRcpJkG1.8pqZevi.6NcF0uFnXR0JaRe97GuT4mK', 'Hassam Farooq', '+923008000001', NULL), ('ayesha.tariq@neduet.edu.pk', '$2b$10$teLylwC3Icm2LJRcpJkG1.8pqZevi.6NcF0uFnXR0JaRe97GuT4mK', 'Ayesha Tariq', '+923008100001', NULL),
('shahzaib.javed@uop.edu.pk', '$2b$10$teLylwC3Icm2LJRcpJkG1.8pqZevi.6NcF0uFnXR0JaRe97GuT4mK', 'Shahzaib Javed', '+923008200001', NULL), ('alishba.akhtar@uop.edu.pk', '$2b$10$teLylwC3Icm2LJRcpJkG1.8pqZevi.6NcF0uFnXR0JaRe97GuT4mK', 'Alishba Akhtar', '+923008300001', NULL), ('faizan.sheikh@uop.edu.pk', '$2b$10$teLylwC3Icm2LJRcpJkG1.8pqZevi.6NcF0uFnXR0JaRe97GuT4mK', 'Faizan Sheikh', '+923008400001', NULL), ('zainab.noor@uop.edu.pk', '$2b$10$teLylwC3Icm2LJRcpJkG1.8pqZevi.6NcF0uFnXR0JaRe97GuT4mK', 'Zainab Noor', '+923008500001', NULL), ('hassan.malik@uop.edu.pk', '$2b$10$teLylwC3Icm2LJRcpJkG1.8pqZevi.6NcF0uFnXR0JaRe97GuT4mK', 'Hassan Malik', '+923008600001', NULL), ('sabahat.hassan@uop.edu.pk', '$2b$10$teLylwC3Icm2LJRcpJkG1.8pqZevi.6NcF0uFnXR0JaRe97GuT4mK', 'Sabahat Hassan', '+923008700001', NULL),
('ahsan.bibi@uaf.edu.pk', '$2b$10$teLylwC3Icm2LJRcpJkG1.8pqZevi.6NcF0uFnXR0JaRe97GuT4mK', 'Ahsan Bibi', '+923008800001', NULL), ('mariam.iqbal@uaf.edu.pk', '$2b$10$teLylwC3Icm2LJRcpJkG1.8pqZevi.6NcF0uFnXR0JaRe97GuT4mK', 'Mariam Iqbal', '+923008900001', NULL), ('taha.zafar@uaf.edu.pk', '$2b$10$teLylwC3Icm2LJRcpJkG1.8pqZevi.6NcF0uFnXR0JaRe97GuT4mK', 'Taha Zafar', '+923009000001', NULL), ('sadia.mirza@uaf.edu.pk', '$2b$10$teLylwC3Icm2LJRcpJkG1.8pqZevi.6NcF0uFnXR0JaRe97GuT4mK', 'Sadia Mirza', '+923009100001', NULL), ('rafay.khan@uaf.edu.pk', '$2b$10$teLylwC3Icm2LJRcpJkG1.8pqZevi.6NcF0uFnXR0JaRe97GuT4mK', 'Rafay Khan', '+923009200001', NULL), ('hira.qureshi@uaf.edu.pk', '$2b$10$teLylwC3Icm2LJRcpJkG1.8pqZevi.6NcF0uFnXR0JaRe97GuT4mK', 'Hira Qureshi', '+923009300001', NULL),
('sameer.ahmed@mul.edu.pk', '$2b$10$teLylwC3Icm2LJRcpJkG1.8pqZevi.6NcF0uFnXR0JaRe97GuT4mK', 'Sameer Ahmed', '+923009400001', NULL), ('sana.raza@mul.edu.pk', '$2b$10$teLylwC3Icm2LJRcpJkG1.8pqZevi.6NcF0uFnXR0JaRe97GuT4mK', 'Sana Raza', '+923009500001', NULL), ('farhan.ali@mul.edu.pk', '$2b$10$teLylwC3Icm2LJRcpJkG1.8pqZevi.6NcF0uFnXR0JaRe97GuT4mK', 'Farhan Ali', '+923009600001', NULL), ('sara.siddiqui@mul.edu.pk', '$2b$10$teLylwC3Icm2LJRcpJkG1.8pqZevi.6NcF0uFnXR0JaRe97GuT4mK', 'Sara Siddiqui', '+923009700001', NULL), ('nabeel.mahmood@mul.edu.pk', '$2b$10$teLylwC3Icm2LJRcpJkG1.8pqZevi.6NcF0uFnXR0JaRe97GuT4mK', 'Nabeel Mahmood', '+923009800001', NULL), ('zara.farooq@mul.edu.pk', '$2b$10$teLylwC3Icm2LJRcpJkG1.8pqZevi.6NcF0uFnXR0JaRe97GuT4mK', 'Zara Farooq', '+923009900001', NULL),
('hamza.tariq@uos.edu.pk', '$2b$10$teLylwC3Icm2LJRcpJkG1.8pqZevi.6NcF0uFnXR0JaRe97GuT4mK', 'Hamza Tariq', '+923010000001', NULL), ('ayesha.javed@uos.edu.pk', '$2b$10$teLylwC3Icm2LJRcpJkG1.8pqZevi.6NcF0uFnXR0JaRe97GuT4mK', 'Ayesha Javed', '+923010100001', NULL), ('saad.akhtar@uos.edu.pk', '$2b$10$teLylwC3Icm2LJRcpJkG1.8pqZevi.6NcF0uFnXR0JaRe97GuT4mK', 'Saad Akhtar', '+923010200001', NULL), ('nimra.sheikh@uos.edu.pk', '$2b$10$teLylwC3Icm2LJRcpJkG1.8pqZevi.6NcF0uFnXR0JaRe97GuT4mK', 'Nimra Sheikh', '+923010300001', NULL), ('danial.noor@uos.edu.pk', '$2b$10$teLylwC3Icm2LJRcpJkG1.8pqZevi.6NcF0uFnXR0JaRe97GuT4mK', 'Danial Noor', '+923010400001', NULL), ('laiba.malik@uos.edu.pk', '$2b$10$teLylwC3Icm2LJRcpJkG1.8pqZevi.6NcF0uFnXR0JaRe97GuT4mK', 'Laiba Malik', '+923010500001', NULL),
('haris.hassan@iub.edu.pk', '$2b$10$teLylwC3Icm2LJRcpJkG1.8pqZevi.6NcF0uFnXR0JaRe97GuT4mK', 'Haris Hassan', '+923010600001', NULL), ('maheen.bibi@iub.edu.pk', '$2b$10$teLylwC3Icm2LJRcpJkG1.8pqZevi.6NcF0uFnXR0JaRe97GuT4mK', 'Maheen Bibi', '+923010700001', NULL), ('fahad.iqbal@iub.edu.pk', '$2b$10$teLylwC3Icm2LJRcpJkG1.8pqZevi.6NcF0uFnXR0JaRe97GuT4mK', 'Fahad Iqbal', '+923010800001', NULL), ('zoya.zafar@iub.edu.pk', '$2b$10$teLylwC3Icm2LJRcpJkG1.8pqZevi.6NcF0uFnXR0JaRe97GuT4mK', 'Zoya Zafar', '+923010900001', NULL), ('waleed.mirza@iub.edu.pk', '$2b$10$teLylwC3Icm2LJRcpJkG1.8pqZevi.6NcF0uFnXR0JaRe97GuT4mK', 'Waleed Mirza', '+923011000001', NULL), ('amina.khan@iub.edu.pk', '$2b$10$teLylwC3Icm2LJRcpJkG1.8pqZevi.6NcF0uFnXR0JaRe97GuT4mK', 'Amina Khan', '+923011100001', NULL),
('rehan.qureshi@uog.edu.pk', '$2b$10$teLylwC3Icm2LJRcpJkG1.8pqZevi.6NcF0uFnXR0JaRe97GuT4mK', 'Rehan Qureshi', '+923011200001', NULL), ('hiba.ahmed@uog.edu.pk', '$2b$10$teLylwC3Icm2LJRcpJkG1.8pqZevi.6NcF0uFnXR0JaRe97GuT4mK', 'Hiba Ahmed', '+923011300001', NULL), ('talha.raza@uog.edu.pk', '$2b$10$teLylwC3Icm2LJRcpJkG1.8pqZevi.6NcF0uFnXR0JaRe97GuT4mK', 'Talha Raza', '+923011400001', NULL), ('sadia.ali@uog.edu.pk', '$2b$10$teLylwC3Icm2LJRcpJkG1.8pqZevi.6NcF0uFnXR0JaRe97GuT4mK', 'Sadia Ali', '+923011500001', NULL), ('arham.siddiqui@uog.edu.pk', '$2b$10$teLylwC3Icm2LJRcpJkG1.8pqZevi.6NcF0uFnXR0JaRe97GuT4mK', 'Arham Siddiqui', '+923011600001', NULL), ('kiran.mahmood@uog.edu.pk', '$2b$10$teLylwC3Icm2LJRcpJkG1.8pqZevi.6NcF0uFnXR0JaRe97GuT4mK', 'Kiran Mahmood', '+923011700001', NULL),
('rayan.farooq@au.edu.pk', '$2b$10$teLylwC3Icm2LJRcpJkG1.8pqZevi.6NcF0uFnXR0JaRe97GuT4mK', 'Rayan Farooq', '+923011800001', NULL), ('sumiya.tariq@au.edu.pk', '$2b$10$teLylwC3Icm2LJRcpJkG1.8pqZevi.6NcF0uFnXR0JaRe97GuT4mK', 'Sumiya Tariq', '+923011900001', NULL), ('basit.javed@giki.edu.pk', '$2b$10$teLylwC3Icm2LJRcpJkG1.8pqZevi.6NcF0uFnXR0JaRe97GuT4mK', 'Basit Javed', '+923012000001', NULL), ('dua.akhtar@giki.edu.pk', '$2b$10$teLylwC3Icm2LJRcpJkG1.8pqZevi.6NcF0uFnXR0JaRe97GuT4mK', 'Dua Akhtar', '+923012100001', NULL), ('shayan.sheikh@giki.edu.pk', '$2b$10$teLylwC3Icm2LJRcpJkG1.8pqZevi.6NcF0uFnXR0JaRe97GuT4mK', 'Shayan Sheikh', '+923012200001', NULL), ('tayyaba.noor@giki.edu.pk', '$2b$10$teLylwC3Icm2LJRcpJkG1.8pqZevi.6NcF0uFnXR0JaRe97GuT4mK', 'Tayyaba Noor', '+923012300001', NULL),
('hammad.malik@uol.edu.pk', '$2b$10$teLylwC3Icm2LJRcpJkG1.8pqZevi.6NcF0uFnXR0JaRe97GuT4mK', 'Hammad Malik', '+923012400001', NULL), ('areeba.hassan@uol.edu.pk', '$2b$10$teLylwC3Icm2LJRcpJkG1.8pqZevi.6NcF0uFnXR0JaRe97GuT4mK', 'Areeba Hassan', '+923012500001', NULL), ('momin.bibi@uol.edu.pk', '$2b$10$teLylwC3Icm2LJRcpJkG1.8pqZevi.6NcF0uFnXR0JaRe97GuT4mK', 'Momin Bibi', '+923012600001', NULL), ('sanaullah.iqbal@uol.edu.pk', '$2b$10$teLylwC3Icm2LJRcpJkG1.8pqZevi.6NcF0uFnXR0JaRe97GuT4mK', 'Sanaullah Iqbal', '+923012700001', NULL), ('aneesa.zafar@uol.edu.pk', '$2b$10$teLylwC3Icm2LJRcpJkG1.8pqZevi.6NcF0uFnXR0JaRe97GuT4mK', 'Aneesa Zafar', '+923012800001', NULL), ('junaid.mirza@uol.edu.pk', '$2b$10$teLylwC3Icm2LJRcpJkG1.8pqZevi.6NcF0uFnXR0JaRe97GuT4mK', 'Junaid Mirza', '+923012900001', NULL),
('zeeshan.khan@szabist.edu.pk', '$2b$10$teLylwC3Icm2LJRcpJkG1.8pqZevi.6NcF0uFnXR0JaRe97GuT4mK', 'Zeeshan Khan', '+923013000001', NULL), ('sana.qureshi@szabist.edu.pk', '$2b$10$teLylwC3Icm2LJRcpJkG1.8pqZevi.6NcF0uFnXR0JaRe97GuT4mK', 'Sana Qureshi', '+923013100001', NULL), ('asad.ahmed@szabist.edu.pk', '$2b$10$teLylwC3Icm2LJRcpJkG1.8pqZevi.6NcF0uFnXR0JaRe97GuT4mK', 'Asad Ahmed', '+923013200001', NULL), ('filza.raza@szabist.edu.pk', '$2b$10$teLylwC3Icm2LJRcpJkG1.8pqZevi.6NcF0uFnXR0JaRe97GuT4mK', 'Filza Raza', '+923013300001', NULL), ('subhan.ali@szabist.edu.pk', '$2b$10$teLylwC3Icm2LJRcpJkG1.8pqZevi.6NcF0uFnXR0JaRe97GuT4mK', 'Subhan Ali', '+923013400001', NULL), ('ramsha.siddiqui@szabist.edu.pk', '$2b$10$teLylwC3Icm2LJRcpJkG1.8pqZevi.6NcF0uFnXR0JaRe97GuT4mK', 'Ramsha Siddiqui', '+923013500001', NULL),
('mustafa.mahmood@szabist.edu.pk', '$2b$10$teLylwC3Icm2LJRcpJkG1.8pqZevi.6NcF0uFnXR0JaRe97GuT4mK', 'Mustafa Mahmood', '+923013600001', NULL), ('sana.farooq@szabist.edu.pk', '$2b$10$teLylwC3Icm2LJRcpJkG1.8pqZevi.6NcF0uFnXR0JaRe97GuT4mK', 'Sana Farooq', '+923013700001', NULL), ('abdullah.tariq@szabist.edu.pk', '$2b$10$teLylwC3Icm2LJRcpJkG1.8pqZevi.6NcF0uFnXR0JaRe97GuT4mK', 'Abdullah Tariq', '+923013800001', NULL), ('hania.javed@szabist.edu.pk', '$2b$10$teLylwC3Icm2LJRcpJkG1.8pqZevi.6NcF0uFnXR0JaRe97GuT4mK', 'Hania Javed', '+923013900001', NULL), ('huzaifa.akhtar@szabist.edu.pk', '$2b$10$teLylwC3Icm2LJRcpJkG1.8pqZevi.6NcF0uFnXR0JaRe97GuT4mK', 'Huzaifa Akhtar', '+923014000001', NULL), ('mahnoor.sheikh@szabist.edu.pk', '$2b$10$teLylwC3Icm2LJRcpJkG1.8pqZevi.6NcF0uFnXR0JaRe97GuT4mK', 'Mahnoor Sheikh', '+923014100001', NULL);

-- 3. Student (StudentID = UserID 22-141)
INSERT INTO Student (StudentID, UniversityID, ReputationPoints, Bio, IsAdminVerified) VALUES
(22, 1, 10, 'Final year CS. Interested in web development and Python. From Lahore.', 0), (23, 1, 15, 'Third year. Love teaching English and helping with presentations.', 0), (24, 1, 20, 'CS graduate. Offering SQL and database design for university projects.', 1), (25, 1, 25, 'Final year. Strong in calculus and linear algebra. Tutored juniors before.', 0), (26, 1, 30, 'Fourth year. Learning guitar; can teach Urdu and basic writing.', 1), (27, 1, 35, 'CS student. Good at statistics and data analysis. Want to exchange skills.', 0),
(28, 2, 10, 'Economics major. Excel and data visualization. LUMS.', 0), (29, 2, 15, 'Business student. Public speaking and resume writing.', 0), (30, 2, 20, 'Final year. MATLAB and academic tutoring.', 1), (31, 2, 25, 'Learning graphic design. Can help with content and creative writing.', 0), (32, 2, 30, 'Photography enthusiast. Digital marketing basics. Lahore.', 1), (33, 2, 35, 'Project management and team skills. Want to learn Python.', 0),
(34, 3, 10, 'Software engineering. Python and JavaScript. FAST Lahore.', 0), (35, 3, 15, 'SE final year. DSA and interview prep. Skill exchange welcome.', 0), (36, 3, 20, 'Offering UI/UX and Figma. Learned from online courses.', 1), (37, 3, 25, 'Database design and normalization. Done FYP in DBMS.', 0), (38, 3, 30, 'Machine learning basics. Python and statistics.', 1), (39, 3, 35, 'Arduino and electronics. Robotics club .', 0),
(40, 4, 10, 'Electrical engineering. PCB design and MATLAB. UET.', 0), (41, 4, 15, 'EE final year. Calculus and linear algebra for engineers.', 0), (42, 4, 20, 'Mechatronics. Arduino and embedded systems.', 1), (43, 4, 25, 'Technical writing and report writing. Engineering background.', 0), (44, 4, 30, 'Excel for engineers. Data logging and analysis.', 1), (45, 4, 35, 'Interview prep and soft skills. Placed in tech company.', 0),
(46, 5, 10, 'Punjab University. Learning programming. Can teach Urdu.', 0), (47, 5, 15, 'English literature. Spoken English and creative writing.', 0), (48, 5, 20, 'Statistics major. R and Excel. Tutoring experience.', 1), (49, 5, 25, 'Piano and music theory. Beginner-friendly.', 0), (50, 5, 30, 'Sketching and art. Design basics.', 1), (51, 5, 35, 'Resume and cover letter for Pakistani job market.', 0),
(52, 6, 10, 'NUST. First year. Want to learn Python and data science.', 0), (53, 6, 15, 'Aerospace. MATLAB and numerical methods.', 0), (54, 6, 20, 'CS NUST. Web development and JavaScript.', 1), (55, 6, 25, 'Learning Arabic. Can offer English in return.', 0), (56, 6, 30, 'Video editing. DaVinci Resolve and basics.', 1), (57, 6, 35, 'Statistics for research. SPSS and interpretation.', 0),
(58, 7, 10, 'COMSATS Islamabad. CS. Python and algorithms.', 0), (59, 7, 15, 'Software development. Git and teamwork.', 0), (60, 7, 20, 'Data structures for placement. Practice partner welcome.', 1), (61, 7, 25, 'Calculus II and differential equations.', 0), (62, 7, 30, 'Guitar and music. Acoustic focus.', 1), (63, 7, 35, 'Urdu formal writing and essays.', 0),
(64, 8, 10, 'Bahria. CS. Database and backend.', 0), (65, 8, 15, 'Learning UI/UX. Design systems.', 0), (66, 8, 20, 'Public speaking. Debating society.', 1), (67, 8, 25, 'Interview prep. Technical and HR rounds.', 0), (68, 8, 30, 'ML and Python. Kaggle experience.', 1), (69, 8, 35, 'Arduino projects. Sensors and IoT basics.', 0),
(70, 9, 10, 'UOK Karachi. Computer science. Web dev.', 0), (71, 9, 15, 'Data analysis. Excel and Python.', 0), (72, 9, 20, 'MATLAB for engineering courses.', 1), (73, 9, 25, 'Content writing. Blog and social media.', 0), (74, 9, 30, 'Photography. Composition and editing.', 1), (75, 9, 35, 'Digital marketing. SEO and ads basics.', 0),
(76, 10, 10, 'NED Karachi. EE. Circuit design.', 0), (77, 10, 15, 'Technical writing. Reports and documentation.', 0), (78, 10, 20, 'Creative writing. Short stories and poetry.', 1), (79, 10, 25, 'Project management. Agile basics.', 0), (80, 10, 30, 'Excel advanced. Formulas and dashboards.', 1), (81, 10, 35, 'PCB design. KiCad and Eagle.', 0),
(82, 11, 10, 'UOP Peshawar. CS. Programming fundamentals.', 0), (83, 11, 15, 'English for academic writing.', 0), (84, 11, 20, 'SQL and database queries.', 1), (85, 11, 25, 'Calculus and algebra. Engineering math.', 0), (86, 11, 30, 'Guitar. Chords and songs.', 1), (87, 11, 35, 'Resume building. Pakistani format.', 0),
(88, 12, 10, 'UAF Faisalabad. Agriculture tech. Data skills.', 0), (89, 12, 15, 'MATLAB for engineers.', 0), (90, 12, 20, 'Content and copywriting.', 1), (91, 12, 25, 'Photo editing. Lightroom basics.', 0), (92, 12, 30, 'JS and React. Frontend projects.', 1), (93, 12, 35, 'Urdu and Punjabi. Language exchange.', 0),
(94, 13, 10, 'Multan. CS. Learning Python.', 0), (95, 13, 15, 'UI/UX. Figma and prototyping.', 0), (96, 13, 20, 'Linear algebra. Matrix and vectors.', 1), (97, 13, 25, 'Speaking and presentation skills.', 0), (98, 13, 30, 'ML and data science.', 1), (99, 13, 35, 'Arduino. LEDs and motors.', 0),
(100, 14, 10, 'Sargodha. BBA. Excel and reports.', 0), (101, 14, 15, 'Tech writing. User manuals.', 0), (102, 14, 20, 'Creative writing.', 1), (103, 14, 25, 'Arabic basics. Reading and writing.', 0), (104, 14, 30, 'Video editing. Premiere basics.', 1), (105, 14, 35, 'Statistics. Hypothesis testing.', 0),
(106, 15, 10, 'IUB Bahawalpur. CS. Web development.', 0), (107, 15, 15, 'Sketching and drawing.', 0), (108, 15, 20, 'Interview prep.', 1), (109, 15, 25, 'Excel and data entry.', 0), (110, 15, 30, 'PCB and circuit design.', 1), (111, 15, 35, 'PM and Scrum basics.', 0),
(112, 16, 10, 'Gujrat. Engineering. MATLAB.', 0), (113, 16, 15, 'English fluency. Conversation practice.', 0), (114, 16, 20, 'Piano. Beginner lessons.', 1), (115, 16, 25, 'Speaking and confidence.', 0), (116, 16, 30, 'ML. TensorFlow basics.', 1), (117, 16, 35, 'Arduino and C programming.', 0),
(118, 17, 10, 'Air University. Aerospace. Python.', 0), (119, 17, 15, 'Data analysis. Pandas and visualization.', 0), (120, 18, 20, 'GIKI. ME. MATLAB and simulation.', 1), (121, 18, 25, 'Technical documentation.', 0), (122, 18, 30, 'Photography. DSLR basics.', 1), (123, 18, 35, 'Marketing. Social media and branding.', 0),
(124, 19, 10, 'UOL. CS. Full stack interest.', 0), (125, 19, 15, 'English writing. Essays and emails.', 0), (126, 19, 20, 'SQL and MySQL.', 1), (127, 19, 25, 'Calculus. Limits and derivatives.', 0), (128, 19, 30, 'Guitar. Fingerstyle.', 1), (129, 19, 35, 'Resume and LinkedIn.', 0),
(130, 20, 10, 'SZABIST Karachi. BBA. Analytics.', 0), (131, 20, 15, 'Content and marketing.', 0), (132, 20, 20, 'Python for business.', 1), (133, 20, 25, 'Urdu and communication.', 0), (134, 20, 30, 'Design. Canva and branding.', 1), (135, 20, 35, 'Academic writing. Referencing.', 0),
(136, 20, 40, 'SZABIST. Finance. Excel and modeling.', 0), (137, 20, 45, 'UI design.', 1), (138, 20, 50, 'Linear algebra. Applications.', 0), (139, 20, 55, 'Public speaking.', 1), (140, 20, 60, 'Data science. Python and SQL.', 0), (141, 20, 65, 'PM and leadership.', 1);

-- 4. Admin (AdminID 1-20: one per university 1-20, level 'standard'; AdminID 21: superadmin for university 21)
INSERT INTO Admin (AdminID, UniversityID, AdminLevel) VALUES
(1, 1, 'standard'), (2, 2, 'standard'), (3, 3, 'standard'), (4, 4, 'standard'), (5, 5, 'standard'),
(6, 6, 'standard'), (7, 7, 'standard'), (8, 8, 'standard'), (9, 9, 'standard'), (10, 10, 'standard'),
(11, 11, 'standard'), (12, 12, 'standard'), (13, 13, 'standard'), (14, 14, 'standard'), (15, 15, 'standard'),
(16, 16, 'standard'), (17, 17, 'standard'), (18, 18, 'standard'), (19, 19, 'standard'), (20, 20, 'standard'),
(21, 21, 'superadmin');

-- 5. SkillCategory (10 categories)
INSERT INTO SkillCategory (CategoryName, Description) VALUES
('Programming', 'Coding, scripting, and software development including web, desktop, and scripting languages used in industry and academia'),
('Languages', 'Spoken and written language learning for communication, academic writing, and professional use in multilingual settings'),
('Design', 'Graphic design, visual communication, UI/UX design, and creative tools for digital and print media'),
('Academic', 'Subject tutoring, exam preparation, and academic support for engineering, science, and mathematics courses'),
('Music & Arts', 'Music instruments, music theory, drawing, sketching, and creative arts for beginners and hobbyists'),
('Professional', 'Resume writing, cover letters, presentations, public speaking, and interview preparation for the job market'),
('Data & Analytics', 'Data science, statistical analysis, machine learning fundamentals, and spreadsheet tools for data-driven work'),
('Engineering', 'Technical and engineering skills including simulation software, electronics, and hardware prototyping'),
('Communication', 'Professional and creative writing, content creation, and effective communication for work and study'),
('Other', 'Photography, digital marketing, project management, and other practical skills useful for students and professionals');

-- 6. Skill (30 skills: 3 per category)
INSERT INTO Skill (CategoryID, SkillName, Description, DifficultyLevel) VALUES
(1, 'Python', 'Python programming from basics to data structures, scripting, and introductory data science; suitable for university projects and self-study', 'beginner'), (1, 'JavaScript', 'JavaScript and frontend development including DOM, async programming, and basic framework concepts for web applications', 'intermediate'), (1, 'SQL & Databases', 'Relational databases, SQL queries, normalization, and database design using MySQL or PostgreSQL for academic and small projects', 'intermediate'),
(2, 'English', 'Spoken and written English for daily conversation, academic writing, and professional communication including email and presentations', 'beginner'), (2, 'Urdu', 'Urdu language reading, writing, and formal communication; suitable for essays, official correspondence, and cultural exchange', 'beginner'), (2, 'Arabic', 'Arabic script, basic vocabulary, and simple conversation for religious or academic purposes; beginner-friendly', 'beginner'),
(3, 'Graphic Design', 'Canva, basic design principles, and visual branding for social media, posters, and simple marketing materials', 'intermediate'), (3, 'UI/UX', 'User interface and user experience design using Figma; wireframes, prototypes, and design systems for web and mobile', 'intermediate'), (3, 'Video Editing', 'Video editing basics with common tools; cutting, transitions, subtitles, and simple effects for projects and content creation', 'intermediate'),
(4, 'Calculus', 'Calculus I and II including limits, derivatives, integrals, and applications for engineering and science students', 'intermediate'), (4, 'Linear Algebra', 'Matrices, vectors, linear transformations, and eigenvalues; applications in engineering and computer science', 'intermediate'), (4, 'Statistics', 'Descriptive and inferential statistics, hypothesis testing, and interpretation for research and data analysis', 'intermediate'),
(5, 'Guitar', 'Acoustic guitar from basic chords and strumming to simple songs; suitable for complete beginners', 'beginner'), (5, 'Piano', 'Piano basics including notes, scales, and simple pieces for hobbyists and beginners', 'beginner'), (5, 'Sketching', 'Pencil sketching, shading, and basic composition for drawing and visual note-taking', 'beginner'),
(6, 'Resume Writing', 'CV and cover letter writing tailored to the Pakistani job market; structure, keywords, and formatting', 'beginner'), (6, 'Public Speaking', 'Presentation skills, confidence building, and effective delivery for academic and professional settings', 'intermediate'), (6, 'Interview Prep', 'Technical and behavioral interview preparation including common questions and communication tips', 'intermediate'),
(7, 'Data Analysis', 'Data analysis using Excel and Python; cleaning, visualization, and basic interpretation for reports and projects', 'intermediate'), (7, 'Machine Learning', 'Introduction to machine learning concepts, common algorithms, and basic implementation with Python libraries', 'advanced'), (7, 'Excel', 'Microsoft Excel including formulas, pivot tables, charts, and data management for academic and office use', 'beginner'),
(8, 'MATLAB', 'MATLAB for engineering calculations, plotting, and simulation; used in control systems and numerical methods courses', 'intermediate'), (8, 'Arduino', 'Arduino programming and basic electronics; sensors, actuators, and simple projects for hobbyists and students', 'beginner'), (8, 'PCB Design', 'Printed circuit board design basics using common tools; schematic to layout for simple circuits', 'intermediate'),
(9, 'Content Writing', 'Blog posts, social media content, and copywriting for brands and personal projects; structure and tone', 'beginner'), (9, 'Technical Writing', 'Technical documentation, user manuals, and report writing for projects and professional communication', 'intermediate'), (9, 'Creative Writing', 'Creative writing including short stories, poetry, and narrative techniques for self-expression and assignments', 'beginner'),
(10, 'Photography', 'Photography basics including composition, exposure, and simple editing for hobby and social media', 'beginner'), (10, 'Digital Marketing', 'Introduction to digital marketing: SEO, social media marketing, and basic advertising concepts', 'intermediate'), (10, 'Project Management', 'Project management basics including planning, scheduling, and teamwork; Agile and traditional approaches', 'intermediate');

-- 7. OfferedSkill 
INSERT INTO OfferedSkill (StudentID, SkillID, IsPaid, PricePerHour) VALUES
(22, 1, 1, 1500), (23, 2, 1, 2000), (24, 3, 0, NULL), (25, 4, 1, 800), (26, 5, 0, NULL), (27, 6, 1, 1200),
(28, 7, 1, 1500), (29, 8, 1, 1800), (30, 9, 0, NULL), (31, 10, 1, 2500), (32, 11, 1, 2200), (33, 12, 1, 1500),
(34, 13, 0, NULL), (35, 14, 1, 1200), (36, 15, 1, 1000), (37, 16, 1, 1000), (38, 17, 1, 1500), (39, 18, 1, 1800),
(40, 19, 1, 2000), (41, 20, 1, 3000), (42, 21, 1, 800), (43, 22, 1, 2500), (44, 23, 0, NULL), (45, 24, 1, 2200),
(46, 25, 1, 1200), (47, 26, 1, 1800), (48, 27, 0, NULL), (49, 28, 1, 1500), (50, 29, 1, 2000), (51, 30, 1, 1800),
(52, 1, 1, 1400), (53, 2, 0, NULL), (54, 3, 1, 1700), (55, 4, 1, 750), (56, 5, 1, 900), (57, 6, 0, NULL),
(58, 7, 1, 1600), (59, 8, 1, 1900), (60, 9, 1, 1400), (61, 10, 1, 2400), (62, 11, 0, NULL), (63, 12, 1, 1600),
(64, 13, 1, 1100), (65, 14, 0, NULL), (66, 15, 1, 1100), (67, 16, 1, 900), (68, 17, 1, 1600), (69, 18, 1, 1700),
(70, 19, 1, 2100), (71, 20, 1, 2800), (72, 21, 0, NULL), (73, 22, 1, 2600), (74, 23, 1, 1000), (75, 24, 1, 2300),
(76, 25, 0, NULL), (77, 26, 1, 1700), (78, 27, 1, 1300), (79, 28, 1, 1400), (80, 29, 0, NULL), (81, 30, 1, 1900),
(82, 1, 0, NULL), (83, 2, 1, 1900), (84, 3, 1, 1800), (85, 4, 1, 850), (86, 5, 1, 950), (87, 6, 1, 1100),
(88, 7, 1, 1550), (89, 8, 0, NULL), (90, 9, 1, 1450), (91, 10, 1, 2550), (92, 11, 1, 2150), (93, 12, 0, NULL),
(94, 13, 1, 1150), (95, 14, 1, 1250), (96, 15, 0, NULL), (97, 16, 1, 950), (98, 17, 1, 1550), (99, 18, 1, 1750),
(100, 19, 0, NULL), (101, 20, 1, 2900), (102, 21, 1, 850), (103, 22, 1, 2550), (104, 23, 1, 950), (105, 24, 0, NULL),
(106, 25, 1, 1250), (107, 26, 1, 1850), (108, 27, 1, 1350), (109, 28, 0, NULL), (110, 29, 1, 2050), (111, 30, 1, 1850),
(112, 1, 1, 1600), (113, 2, 1, 1950), (114, 3, 1, 1750), (115, 4, 0, NULL), (116, 5, 1, 880), (117, 6, 1, 1050),
(118, 7, 1, 1650), (119, 8, 1, 1850), (120, 9, 1, 1350), (121, 10, 0, NULL), (122, 11, 1, 2250), (123, 12, 1, 1550),
(124, 13, 1, 1050), (125, 14, 1, 1150), (126, 15, 1, 1050), (127, 16, 0, NULL), (128, 17, 1, 1650), (129, 18, 1, 1850),
(130, 19, 1, 1950), (131, 20, 0, NULL), (132, 21, 1, 900), (133, 22, 1, 2650), (134, 23, 1, 1050), (135, 24, 1, 2150),
(136, 25, 1, 1150), (137, 26, 0, NULL), (138, 27, 1, 1250), (139, 28, 1, 1550), (140, 29, 1, 1950), (141, 30, 0, NULL);

-- 8. RequestedSkill 
INSERT INTO RequestedSkill (StudentID, SkillID, PreferredTime, PreferredMode, Status) VALUES
(22, 4, 'Weekends', 'Exchange', 'open'), (23, 1, 'Evenings', 'Exchange', 'matched'), (24, 7, 'Flexible', 'Exchange', 'open'), (25, 10, 'Morning', 'Paid', 'matched'), (26, 13, 'Weekends', 'Exchange', 'open'), (27, 16, 'Flexible', 'Exchange', 'matched'),
(28, 19, 'Evenings', 'Exchange', 'open'), (29, 22, 'Flexible', 'Exchange', 'open'), (30, 25, 'Weekdays', 'Exchange', 'matched'), (31, 28, 'Weekends', 'Paid', 'open'), (32, 2, 'Evenings', 'Exchange', 'open'), (33, 5, 'Morning', 'Exchange', 'matched'),
(34, 8, 'Flexible', 'Exchange', 'open'), (35, 11, 'Weekends', 'Exchange', 'open'), (36, 14, 'Evenings', 'Paid', 'matched'), (37, 17, 'Weekdays', 'Exchange', 'open'), (38, 20, 'Flexible', 'Exchange', 'open'), (39, 23, 'Weekends', 'Exchange', 'matched'),
(40, 26, 'Evenings', 'Exchange', 'open'), (41, 29, 'Flexible', 'Exchange', 'open'), (42, 3, 'Weekdays', 'Exchange', 'matched'), (43, 6, 'Morning', 'Exchange', 'open'), (44, 9, 'Evenings', 'Exchange', 'open'), (45, 12, 'Weekends', 'Exchange', 'matched'),
(46, 15, 'Flexible', 'Paid', 'open'), (47, 18, 'Weekdays', 'Exchange', 'open'), (48, 21, 'Evenings', 'Exchange', 'matched'), (49, 24, 'Weekends', 'Exchange', 'open'), (50, 27, 'Flexible', 'Exchange', 'open'), (51, 30, 'Weekdays', 'Exchange', 'matched'),
(52, 4, 'Morning', 'Exchange', 'open'), (53, 1, 'Evenings', 'Exchange', 'open'), (54, 7, 'Weekends', 'Exchange', 'matched'), (55, 10, 'Flexible', 'Paid', 'open'), (56, 13, 'Weekdays', 'Exchange', 'open'), (57, 16, 'Evenings', 'Exchange', 'matched'),
(58, 19, 'Weekends', 'Exchange', 'open'), (59, 22, 'Morning', 'Exchange', 'open'), (60, 25, 'Flexible', 'Exchange', 'open'), (61, 28, 'Weekdays', 'Paid', 'matched'), (62, 2, 'Evenings', 'Exchange', 'open'), (63, 5, 'Weekends', 'Exchange', 'open'),
(64, 8, 'Flexible', 'Exchange', 'matched'), (65, 11, 'Morning', 'Exchange', 'open'), (66, 14, 'Weekdays', 'Exchange', 'open'), (67, 17, 'Evenings', 'Exchange', 'matched'), (68, 20, 'Weekends', 'Exchange', 'open'), (69, 23, 'Flexible', 'Exchange', 'open'),
(70, 26, 'Morning', 'Exchange', 'open'), (71, 29, 'Weekdays', 'Exchange', 'matched'), (72, 3, 'Evenings', 'Exchange', 'open'), (73, 6, 'Weekends', 'Exchange', 'open'), (74, 9, 'Flexible', 'Exchange', 'open'), (75, 12, 'Morning', 'Exchange', 'matched'),
(76, 15, 'Weekdays', 'Paid', 'open'), (77, 18, 'Evenings', 'Exchange', 'open'), (78, 21, 'Weekends', 'Exchange', 'open'), (79, 24, 'Flexible', 'Exchange', 'matched'), (80, 27, 'Morning', 'Exchange', 'open'), (81, 30, 'Weekdays', 'Exchange', 'open'),
(82, 4, 'Evenings', 'Exchange', 'matched'), (83, 1, 'Weekends', 'Exchange', 'open'), (84, 7, 'Flexible', 'Exchange', 'open'), (85, 10, 'Morning', 'Paid', 'open'), (86, 13, 'Weekdays', 'Exchange', 'matched'), (87, 16, 'Evenings', 'Exchange', 'open'),
(88, 19, 'Weekends', 'Exchange', 'open'), (89, 22, 'Flexible', 'Exchange', 'open'), (90, 25, 'Morning', 'Exchange', 'matched'), (91, 28, 'Weekdays', 'Exchange', 'open'), (92, 2, 'Evenings', 'Paid', 'open'), (93, 5, 'Weekends', 'Exchange', 'open'),
(94, 8, 'Flexible', 'Exchange', 'matched'), (95, 11, 'Morning', 'Exchange', 'open'), (96, 14, 'Weekdays', 'Exchange', 'open'), (97, 17, 'Evenings', 'Exchange', 'open'), (98, 20, 'Weekends', 'Exchange', 'open'), (99, 23, 'Flexible', 'Exchange', 'matched'),
(100, 26, 'Morning', 'Exchange', 'open'), (101, 29, 'Weekdays', 'Exchange', 'open'), (102, 3, 'Evenings', 'Exchange', 'open'), (103, 6, 'Weekends', 'Exchange', 'matched'), (104, 9, 'Flexible', 'Exchange', 'open'), (105, 12, 'Morning', 'Exchange', 'open'),
(106, 15, 'Weekdays', 'Paid', 'open'), (107, 18, 'Evenings', 'Exchange', 'matched'), (108, 21, 'Weekends', 'Exchange', 'open'), (109, 24, 'Flexible', 'Exchange', 'open'), (110, 27, 'Morning', 'Exchange', 'open'), (111, 30, 'Weekdays', 'Exchange', 'matched'),
(112, 4, 'Evenings', 'Exchange', 'open'), (113, 1, 'Weekends', 'Exchange', 'open'), (114, 7, 'Flexible', 'Exchange', 'matched'), (115, 10, 'Morning', 'Paid', 'open'), (116, 13, 'Weekdays', 'Exchange', 'open'), (117, 16, 'Evenings', 'Exchange', 'open'),
(118, 19, 'Weekends', 'Exchange', 'open'), (119, 22, 'Flexible', 'Exchange', 'matched'), (120, 25, 'Morning', 'Exchange', 'open'), (121, 28, 'Weekdays', 'Exchange', 'open'), (122, 2, 'Evenings', 'Exchange', 'open'), (123, 5, 'Weekends', 'Paid', 'open'),
(124, 8, 'Flexible', 'Exchange', 'open'), (125, 11, 'Morning', 'Exchange', 'matched'), (126, 14, 'Weekdays', 'Exchange', 'open'), (127, 17, 'Evenings', 'Exchange', 'open'), (128, 20, 'Weekends', 'Exchange', 'open'), (129, 23, 'Flexible', 'Exchange', 'open'),
(130, 26, 'Morning', 'Exchange', 'open'), (131, 29, 'Weekdays', 'Exchange', 'matched'), (132, 3, 'Evenings', 'Exchange', 'open'), (133, 6, 'Weekends', 'Exchange', 'open'), (134, 9, 'Flexible', 'Paid', 'open'), (135, 12, 'Morning', 'Exchange', 'open'),
(136, 15, 'Weekdays', 'Exchange', 'matched'), (137, 18, 'Evenings', 'Exchange', 'open'), (138, 21, 'Weekends', 'Exchange', 'open'), (139, 24, 'Flexible', 'Exchange', 'open'), (140, 27, 'Morning', 'Exchange', 'matched'), (141, 30, 'Weekdays', 'Exchange', 'open');

-- 9. OfferTimeSlot
INSERT INTO OfferTimeSlot (OfferID, SlotStart, SlotEnd, Status) VALUES
(1, '2025-03-01 09:00:00', '2025-03-01 10:00:00', 'available'), (1, '2025-03-02 09:00:00', '2025-03-02 10:00:00', 'available'), (2, '2025-03-01 10:00:00', '2025-03-01 11:00:00', 'available'), (2, '2025-03-02 10:00:00', '2025-03-02 11:00:00', 'available'), (3, '2025-03-01 11:00:00', '2025-03-01 12:00:00', 'available'), (3, '2025-03-02 11:00:00', '2025-03-02 12:00:00', 'available'), (4, '2025-03-01 12:00:00', '2025-03-01 13:00:00', 'available'), (4, '2025-03-02 12:00:00', '2025-03-02 13:00:00', 'available'), (5, '2025-03-01 13:00:00', '2025-03-01 14:00:00', 'available'), (5, '2025-03-02 13:00:00', '2025-03-02 14:00:00', 'available'),
(6, '2025-03-01 14:00:00', '2025-03-01 15:00:00', 'available'), (6, '2025-03-02 14:00:00', '2025-03-02 15:00:00', 'available'), (7, '2025-03-01 15:00:00', '2025-03-01 16:00:00', 'available'), (7, '2025-03-02 15:00:00', '2025-03-02 16:00:00', 'available'), (8, '2025-03-01 16:00:00', '2025-03-01 17:00:00', 'available'), (8, '2025-03-02 16:00:00', '2025-03-02 17:00:00', 'available'), (9, '2025-03-01 17:00:00', '2025-03-01 18:00:00', 'available'), (9, '2025-03-02 17:00:00', '2025-03-02 18:00:00', 'available'), (10, '2025-03-01 18:00:00', '2025-03-01 19:00:00', 'available'), (10, '2025-03-02 18:00:00', '2025-03-02 19:00:00', 'available'),
(11, '2025-03-03 09:00:00', '2025-03-03 10:00:00', 'available'), (11, '2025-03-04 09:00:00', '2025-03-04 10:00:00', 'available'), (12, '2025-03-03 10:00:00', '2025-03-03 11:00:00', 'available'), (12, '2025-03-04 10:00:00', '2025-03-04 11:00:00', 'available'), (13, '2025-03-03 11:00:00', '2025-03-03 12:00:00', 'available'), (13, '2025-03-04 11:00:00', '2025-03-04 12:00:00', 'available'), (14, '2025-03-03 12:00:00', '2025-03-03 13:00:00', 'available'), (14, '2025-03-04 12:00:00', '2025-03-04 13:00:00', 'available'), (15, '2025-03-03 13:00:00', '2025-03-03 14:00:00', 'available'), (15, '2025-03-04 13:00:00', '2025-03-04 14:00:00', 'available'),
(16, '2025-03-03 14:00:00', '2025-03-03 15:00:00', 'available'), (16, '2025-03-04 14:00:00', '2025-03-04 15:00:00', 'available'), (17, '2025-03-03 15:00:00', '2025-03-03 16:00:00', 'available'), (17, '2025-03-04 15:00:00', '2025-03-04 16:00:00', 'available'), (18, '2025-03-03 16:00:00', '2025-03-03 17:00:00', 'available'), (18, '2025-03-04 16:00:00', '2025-03-04 17:00:00', 'available'), (19, '2025-03-03 17:00:00', '2025-03-03 18:00:00', 'available'), (19, '2025-03-04 17:00:00', '2025-03-04 18:00:00', 'available'), (20, '2025-03-03 18:00:00', '2025-03-03 19:00:00', 'available'), (20, '2025-03-04 18:00:00', '2025-03-04 19:00:00', 'available'),
(21, '2025-03-05 09:00:00', '2025-03-05 10:00:00', 'available'), (21, '2025-03-06 09:00:00', '2025-03-06 10:00:00', 'available'), (22, '2025-03-05 10:00:00', '2025-03-05 11:00:00', 'available'), (22, '2025-03-06 10:00:00', '2025-03-06 11:00:00', 'available'), (23, '2025-03-05 11:00:00', '2025-03-05 12:00:00', 'available'), (23, '2025-03-06 11:00:00', '2025-03-06 12:00:00', 'available'), (24, '2025-03-05 12:00:00', '2025-03-05 13:00:00', 'available'), (24, '2025-03-06 12:00:00', '2025-03-06 13:00:00', 'available'), (25, '2025-03-05 13:00:00', '2025-03-05 14:00:00', 'available'), (25, '2025-03-06 13:00:00', '2025-03-06 14:00:00', 'available'),
(26, '2025-03-05 14:00:00', '2025-03-05 15:00:00', 'available'), (26, '2025-03-06 14:00:00', '2025-03-06 15:00:00', 'available'), (27, '2025-03-05 15:00:00', '2025-03-05 16:00:00', 'available'), (27, '2025-03-06 15:00:00', '2025-03-06 16:00:00', 'available'), (28, '2025-03-05 16:00:00', '2025-03-05 17:00:00', 'available'), (28, '2025-03-06 16:00:00', '2025-03-06 17:00:00', 'available'), (29, '2025-03-05 17:00:00', '2025-03-05 18:00:00', 'available'), (29, '2025-03-06 17:00:00', '2025-03-06 18:00:00', 'available'), (30, '2025-03-05 18:00:00', '2025-03-05 19:00:00', 'available'), (30, '2025-03-06 18:00:00', '2025-03-06 19:00:00', 'available'),
(31, '2025-03-07 09:00:00', '2025-03-07 10:00:00', 'available'), (31, '2025-03-08 09:00:00', '2025-03-08 10:00:00', 'available'), (32, '2025-03-07 10:00:00', '2025-03-07 11:00:00', 'available'), (32, '2025-03-08 10:00:00', '2025-03-08 11:00:00', 'available'), (33, '2025-03-07 11:00:00', '2025-03-07 12:00:00', 'available'), (33, '2025-03-08 11:00:00', '2025-03-08 12:00:00', 'available'), (34, '2025-03-07 12:00:00', '2025-03-07 13:00:00', 'available'), (34, '2025-03-08 12:00:00', '2025-03-08 13:00:00', 'available'), (35, '2025-03-07 13:00:00', '2025-03-07 14:00:00', 'available'), (35, '2025-03-08 13:00:00', '2025-03-08 14:00:00', 'available'),
(36, '2025-03-07 14:00:00', '2025-03-07 15:00:00', 'available'), (36, '2025-03-08 14:00:00', '2025-03-08 15:00:00', 'available'), (37, '2025-03-07 15:00:00', '2025-03-07 16:00:00', 'available'), (37, '2025-03-08 15:00:00', '2025-03-08 16:00:00', 'available'), (38, '2025-03-07 16:00:00', '2025-03-07 17:00:00', 'available'), (38, '2025-03-08 16:00:00', '2025-03-08 17:00:00', 'available'), (39, '2025-03-07 17:00:00', '2025-03-07 18:00:00', 'available'), (39, '2025-03-08 17:00:00', '2025-03-08 18:00:00', 'available'), (40, '2025-03-07 18:00:00', '2025-03-07 19:00:00', 'available'), (40, '2025-03-08 18:00:00', '2025-03-08 19:00:00', 'available'),
(41, '2025-03-09 09:00:00', '2025-03-09 10:00:00', 'available'), (41, '2025-03-10 09:00:00', '2025-03-10 10:00:00', 'available'), (42, '2025-03-09 10:00:00', '2025-03-09 11:00:00', 'available'), (42, '2025-03-10 10:00:00', '2025-03-10 11:00:00', 'available'), (43, '2025-03-09 11:00:00', '2025-03-09 12:00:00', 'available'), (43, '2025-03-10 11:00:00', '2025-03-10 12:00:00', 'available'), (44, '2025-03-09 12:00:00', '2025-03-09 13:00:00', 'available'), (44, '2025-03-10 12:00:00', '2025-03-10 13:00:00', 'available'), (45, '2025-03-09 13:00:00', '2025-03-09 14:00:00', 'available'), (45, '2025-03-10 13:00:00', '2025-03-10 14:00:00', 'available'),
(46, '2025-03-09 14:00:00', '2025-03-09 15:00:00', 'available'), (46, '2025-03-10 14:00:00', '2025-03-10 15:00:00', 'available'), (47, '2025-03-09 15:00:00', '2025-03-09 16:00:00', 'available'), (47, '2025-03-10 15:00:00', '2025-03-10 16:00:00', 'available'), (48, '2025-03-09 16:00:00', '2025-03-09 17:00:00', 'available'), (48, '2025-03-10 16:00:00', '2025-03-10 17:00:00', 'available'), (49, '2025-03-09 17:00:00', '2025-03-09 18:00:00', 'available'), (49, '2025-03-10 17:00:00', '2025-03-10 18:00:00', 'available'), (50, '2025-03-09 18:00:00', '2025-03-09 19:00:00', 'available'), (50, '2025-03-10 18:00:00', '2025-03-10 19:00:00', 'available'),
(51, '2025-03-11 09:00:00', '2025-03-11 10:00:00', 'available'), (51, '2025-03-12 09:00:00', '2025-03-12 10:00:00', 'available'), (52, '2025-03-11 10:00:00', '2025-03-11 11:00:00', 'available'), (52, '2025-03-12 10:00:00', '2025-03-12 11:00:00', 'available'), (53, '2025-03-11 11:00:00', '2025-03-11 12:00:00', 'available'), (53, '2025-03-12 11:00:00', '2025-03-12 12:00:00', 'available'), (54, '2025-03-11 12:00:00', '2025-03-11 13:00:00', 'available'), (54, '2025-03-12 12:00:00', '2025-03-12 13:00:00', 'available'), (55, '2025-03-11 13:00:00', '2025-03-11 14:00:00', 'available'), (55, '2025-03-12 13:00:00', '2025-03-12 14:00:00', 'available'),
(56, '2025-03-11 14:00:00', '2025-03-11 15:00:00', 'available'), (56, '2025-03-12 14:00:00', '2025-03-12 15:00:00', 'available'), (57, '2025-03-11 15:00:00', '2025-03-11 16:00:00', 'available'), (57, '2025-03-12 15:00:00', '2025-03-12 16:00:00', 'available'), (58, '2025-03-11 16:00:00', '2025-03-11 17:00:00', 'available'), (58, '2025-03-12 16:00:00', '2025-03-12 17:00:00', 'available'), (59, '2025-03-11 17:00:00', '2025-03-11 18:00:00', 'available'), (59, '2025-03-12 17:00:00', '2025-03-12 18:00:00', 'available'), (60, '2025-03-11 18:00:00', '2025-03-11 19:00:00', 'available'), (60, '2025-03-12 18:00:00', '2025-03-12 19:00:00', 'available');

-- 10. Conversation
INSERT INTO Conversation (Student1ID, Student2ID) VALUES
(22, 23), (22, 24), (22, 25), (22, 26), (22, 27), (22, 28), (22, 29), (22, 30), (22, 31), (22, 32),
(22, 33), (22, 34), (22, 35), (22, 36), (22, 37), (22, 38), (22, 39), (22, 40), (22, 41), (22, 42),
(22, 43), (22, 44), (22, 45), (22, 46), (22, 47), (22, 48), (22, 49), (22, 50), (22, 51), (22, 52),
(22, 53), (22, 54), (22, 55), (22, 56), (22, 57), (22, 58), (22, 59), (22, 60), (22, 61), (22, 62),
(22, 63), (22, 64), (22, 65), (22, 66), (22, 67), (22, 68), (22, 69), (22, 70), (22, 71), (22, 72),
(22, 73), (22, 74), (22, 75), (22, 76), (22, 77), (22, 78), (22, 79), (22, 80), (22, 81), (22, 82),
(22, 83), (22, 84), (22, 85), (22, 86), (22, 87), (22, 88), (22, 89), (22, 90), (22, 91), (22, 92),
(22, 93), (22, 94), (22, 95), (22, 96), (22, 97), (22, 98), (22, 99), (22, 100), (22, 101), (22, 102),
(22, 103), (22, 104), (22, 105), (23, 24), (23, 25), (23, 26), (23, 27), (23, 28), (23, 29), (23, 30),
(23, 31), (23, 32), (23, 33), (23, 34), (23, 35), (23, 36), (23, 37), (23, 38), (23, 39), (23, 40),
(132, 133), (133, 134), (134, 135), (135, 136), (136, 137), (137, 138), (138, 139), (139, 140), (140, 141), (22, 141);

-- 11. Exchange (120 rows: 100+); 1-110 paid, 111-120 skill-swap (ExchangeType must be 'Exchange' or 'paid' per schema CHECK).
INSERT INTO Exchange (OfferID, RequestID, ConversationID, ExchangeType, Status) VALUES
(1, 2, 1, 'paid', 'completed'), (2, 3, 2, 'paid', 'completed'), (3, 4, 3, 'paid', 'completed'), (4, 5, 4, 'paid', 'completed'), (5, 6, 5, 'paid', 'completed'), (6, 7, 6, 'paid', 'completed'), (7, 8, 7, 'paid', 'completed'), (8, 9, 8, 'paid', 'completed'), (9, 10, 9, 'paid', 'completed'), (10, 11, 10, 'paid', 'completed'),
(11, 12, 11, 'paid', 'completed'), (12, 13, 12, 'paid', 'completed'), (13, 14, 13, 'paid', 'completed'), (14, 15, 14, 'paid', 'completed'), (15, 16, 15, 'paid', 'completed'), (16, 17, 16, 'paid', 'completed'), (17, 18, 17, 'paid', 'completed'), (18, 19, 18, 'paid', 'completed'), (19, 20, 19, 'paid', 'completed'), (20, 21, 20, 'paid', 'completed'),
(21, 22, 21, 'paid', 'completed'), (22, 23, 22, 'paid', 'completed'), (23, 24, 23, 'paid', 'completed'), (24, 25, 24, 'paid', 'completed'), (25, 26, 25, 'paid', 'completed'), (26, 27, 26, 'paid', 'completed'), (27, 28, 27, 'paid', 'completed'), (28, 29, 28, 'paid', 'completed'), (29, 30, 29, 'paid', 'completed'), (30, 31, 30, 'paid', 'completed'),
(31, 32, 31, 'paid', 'completed'), (32, 33, 32, 'paid', 'completed'), (33, 34, 33, 'paid', 'completed'), (34, 35, 34, 'paid', 'completed'), (35, 36, 35, 'paid', 'completed'), (36, 37, 36, 'paid', 'completed'), (37, 38, 37, 'paid', 'completed'), (38, 39, 38, 'paid', 'completed'), (39, 40, 39, 'paid', 'completed'), (40, 41, 40, 'paid', 'completed'),
(41, 42, 41, 'paid', 'completed'), (42, 43, 42, 'paid', 'completed'), (43, 44, 43, 'paid', 'completed'), (44, 45, 44, 'paid', 'completed'), (45, 46, 45, 'paid', 'completed'), (46, 47, 46, 'paid', 'completed'), (47, 48, 47, 'paid', 'completed'), (48, 49, 48, 'paid', 'completed'), (49, 50, 49, 'paid', 'completed'), (50, 51, 50, 'paid', 'completed'),
(51, 52, 51, 'paid', 'completed'), (52, 53, 52, 'paid', 'completed'), (53, 54, 53, 'paid', 'completed'), (54, 55, 54, 'paid', 'completed'), (55, 56, 55, 'paid', 'completed'), (56, 57, 56, 'paid', 'completed'), (57, 58, 57, 'paid', 'completed'), (58, 59, 58, 'paid', 'completed'), (59, 60, 59, 'paid', 'completed'), (60, 61, 60, 'paid', 'completed'),
(61, 62, 61, 'paid', 'completed'), (62, 63, 62, 'paid', 'completed'), (63, 64, 63, 'paid', 'completed'), (64, 65, 64, 'paid', 'completed'), (65, 66, 65, 'paid', 'completed'), (66, 67, 66, 'paid', 'completed'), (67, 68, 67, 'paid', 'completed'), (68, 69, 68, 'paid', 'completed'), (69, 70, 69, 'paid', 'completed'), (70, 71, 70, 'paid', 'completed'),
(71, 72, 71, 'paid', 'completed'), (72, 73, 72, 'paid', 'completed'), (73, 74, 73, 'paid', 'completed'), (74, 75, 74, 'paid', 'completed'), (75, 76, 75, 'paid', 'completed'), (76, 77, 76, 'paid', 'completed'), (77, 78, 77, 'paid', 'completed'), (78, 79, 78, 'paid', 'completed'), (79, 80, 79, 'paid', 'completed'), (80, 81, 80, 'paid', 'completed'),
(81, 82, 81, 'paid', 'completed'), (82, 83, 82, 'paid', 'completed'), (83, 84, 83, 'paid', 'completed'), (84, 85, 84, 'paid', 'completed'), (85, 86, 85, 'paid', 'completed'), (86, 87, 86, 'paid', 'completed'), (87, 88, 87, 'paid', 'completed'), (88, 89, 88, 'paid', 'completed'), (89, 90, 89, 'paid', 'completed'), (90, 91, 90, 'paid', 'completed'),
(91, 92, 91, 'paid', 'completed'), (92, 93, 92, 'paid', 'completed'), (93, 94, 93, 'paid', 'completed'), (94, 95, 94, 'paid', 'completed'), (95, 96, 95, 'paid', 'completed'), (96, 97, 96, 'paid', 'completed'), (97, 98, 97, 'paid', 'completed'), (98, 99, 98, 'paid', 'completed'), (99, 100, 99, 'paid', 'completed'), (100, 101, 100, 'paid', 'completed'),
(101, 102, 1, 'paid', 'completed'), (102, 103, 2, 'paid', 'completed'), (103, 104, 3, 'paid', 'completed'), (104, 105, 4, 'paid', 'completed'), (105, 106, 5, 'paid', 'completed'), (106, 107, 6, 'paid', 'completed'), (107, 108, 7, 'paid', 'completed'), (108, 109, 8, 'paid', 'completed'), (109, 110, 9, 'paid', 'completed'), (110, 111, 10, 'paid', 'completed'),
(111, NULL, 101, 'Exchange', 'active'), (112, NULL, 102, 'Exchange', 'pending'), (113, NULL, 103, 'Exchange', 'active'), (114, NULL, 104, 'Exchange', 'cancelled'), (115, NULL, 105, 'Exchange', 'pending'), (116, NULL, 106, 'Exchange', 'active'), (117, NULL, 107, 'Exchange', 'pending'), (118, NULL, 108, 'Exchange', 'active'), (119, NULL, 109, 'Exchange', 'pending'), (120, NULL, 110, 'Exchange', 'active');

-- 12. PaidExchange
INSERT INTO PaidExchange (ExchangeID, Price, Currency) VALUES
(1,1050,'PKR'),(2,1100,'PKR'),(3,1150,'PKR'),(4,1200,'PKR'),(5,1250,'PKR'),(6,1300,'PKR'),(7,1350,'PKR'),(8,1400,'PKR'),(9,1450,'PKR'),(10,1500,'PKR'),
(11,1550,'PKR'),(12,1600,'PKR'),(13,1650,'PKR'),(14,1700,'PKR'),(15,1750,'PKR'),(16,1800,'PKR'),(17,1850,'PKR'),(18,1900,'PKR'),(19,1950,'PKR'),(20,2000,'PKR'),
(21,2050,'PKR'),(22,2100,'PKR'),(23,2150,'PKR'),(24,2200,'PKR'),(25,2250,'PKR'),(26,2300,'PKR'),(27,2350,'PKR'),(28,2400,'PKR'),(29,2450,'PKR'),(30,2500,'PKR'),
(31,2550,'PKR'),(32,2600,'PKR'),(33,2650,'PKR'),(34,2700,'PKR'),(35,2750,'PKR'),(36,2800,'PKR'),(37,2850,'PKR'),(38,2900,'PKR'),(39,2950,'PKR'),(40,3000,'PKR'),
(41,3050,'PKR'),(42,3100,'PKR'),(43,3150,'PKR'),(44,3200,'PKR'),(45,3250,'PKR'),(46,3300,'PKR'),(47,3350,'PKR'),(48,3400,'PKR'),(49,3450,'PKR'),(50,3500,'PKR'),
(51,3550,'PKR'),(52,3600,'PKR'),(53,3650,'PKR'),(54,3700,'PKR'),(55,3750,'PKR'),(56,3800,'PKR'),(57,3850,'PKR'),(58,3900,'PKR'),(59,3950,'PKR'),(60,4000,'PKR'),
(61,4050,'PKR'),(62,4100,'PKR'),(63,4150,'PKR'),(64,4200,'PKR'),(65,4250,'PKR'),(66,4300,'PKR'),(67,4350,'PKR'),(68,4400,'PKR'),(69,4450,'PKR'),(70,4500,'PKR'),
(71,4550,'PKR'),(72,4600,'PKR'),(73,4650,'PKR'),(74,4700,'PKR'),(75,4750,'PKR'),(76,4800,'PKR'),(77,4850,'PKR'),(78,4900,'PKR'),(79,4950,'PKR'),(80,5000,'PKR'),
(81,5050,'PKR'),(82,5100,'PKR'),(83,5150,'PKR'),(84,5200,'PKR'),(85,5250,'PKR'),(86,5300,'PKR'),(87,5350,'PKR'),(88,5400,'PKR'),(89,5450,'PKR'),(90,5500,'PKR'),
(91,5550,'PKR'),(92,5600,'PKR'),(93,5650,'PKR'),(94,5700,'PKR'),(95,5750,'PKR'),(96,5800,'PKR'),(97,5850,'PKR'),(98,5900,'PKR'),(99,5950,'PKR'),(100,6000,'PKR');

-- 13. Session
INSERT INTO Session (ExchangeID, ScheduledStartTime, ScheduledEndTime, ActualStartTime, ActualEndTime, Venue, Status) VALUES
(1,'2025-02-01 10:00:00','2025-02-01 11:00:00','2025-02-01 10:00:00','2025-02-01 11:00:00','Online','completed'),(2,'2025-02-01 11:00:00','2025-02-01 12:00:00','2025-02-01 11:00:00','2025-02-01 12:00:00','Library Room A','completed'),(3,'2025-02-01 12:00:00','2025-02-01 13:00:00','2025-02-01 12:00:00','2025-02-01 13:00:00','Online','completed'),(4,'2025-02-01 13:00:00','2025-02-01 14:00:00','2025-02-01 13:00:00','2025-02-01 14:00:00','Online','completed'),(5,'2025-02-01 14:00:00','2025-02-01 15:00:00','2025-02-01 14:00:00','2025-02-01 15:00:00','Lab 3','completed'),(6,'2025-02-01 15:00:00','2025-02-01 16:00:00','2025-02-01 15:00:00','2025-02-01 16:00:00','Online','completed'),(7,'2025-02-01 16:00:00','2025-02-01 17:00:00','2025-02-01 16:00:00','2025-02-01 17:00:00','Online','completed'),(8,'2025-02-01 17:00:00','2025-02-01 18:00:00','2025-02-01 17:00:00','2025-02-01 18:00:00','Campus Cafe','completed'),(9,'2025-02-01 18:00:00','2025-02-01 19:00:00','2025-02-01 18:00:00','2025-02-01 19:00:00','Online','completed'),(10,'2025-02-01 19:00:00','2025-02-01 20:00:00','2025-02-01 19:00:00','2025-02-01 20:00:00','Online','completed'),
(11,'2025-02-01 20:00:00','2025-02-01 21:00:00','2025-02-01 20:00:00','2025-02-01 21:00:00','Online','completed'),(12,'2025-02-01 21:00:00','2025-02-01 22:00:00','2025-02-01 21:00:00','2025-02-01 22:00:00','Online','completed'),(13,'2025-02-02 10:00:00','2025-02-02 11:00:00','2025-02-02 10:00:00','2025-02-02 11:00:00','Online','completed'),(14,'2025-02-02 11:00:00','2025-02-02 12:00:00','2025-02-02 11:00:00','2025-02-02 12:00:00','Building A-12 Room 5','completed'),(15,'2025-02-02 12:00:00','2025-02-02 13:00:00','2025-02-02 12:00:00','2025-02-02 13:00:00','Online','completed'),(16,'2025-02-02 13:00:00','2025-02-02 14:00:00','2025-02-02 13:00:00','2025-02-02 14:00:00','Online','completed'),(17,'2025-02-02 14:00:00','2025-02-02 15:00:00','2025-02-02 14:00:00','2025-02-02 15:00:00','Online','completed'),(18,'2025-02-02 15:00:00','2025-02-02 16:00:00','2025-02-02 15:00:00','2025-02-02 16:00:00','Online','completed'),(19,'2025-02-02 16:00:00','2025-02-02 17:00:00','2025-02-02 16:00:00','2025-02-02 17:00:00','Online','completed'),(20,'2025-02-02 17:00:00','2025-02-02 18:00:00','2025-02-02 17:00:00','2025-02-02 18:00:00','Google Meet','completed'),
(21,'2025-02-02 18:00:00','2025-02-02 19:00:00','2025-02-02 18:00:00','2025-02-02 19:00:00','Online','completed'),(22,'2025-02-02 19:00:00','2025-02-02 20:00:00','2025-02-02 19:00:00','2025-02-02 20:00:00','Online','completed'),(23,'2025-02-02 20:00:00','2025-02-02 21:00:00','2025-02-02 20:00:00','2025-02-02 21:00:00','Online','completed'),(24,'2025-02-02 21:00:00','2025-02-02 22:00:00','2025-02-02 21:00:00','2025-02-02 22:00:00','Online','completed'),(25,'2025-02-03 10:00:00','2025-02-03 11:00:00','2025-02-03 10:00:00','2025-02-03 11:00:00','Online','completed'),(26,'2025-02-03 11:00:00','2025-02-03 12:00:00','2025-02-03 11:00:00','2025-02-03 12:00:00','In-person - Room 101','completed'),(27,'2025-02-03 12:00:00','2025-02-03 13:00:00','2025-02-03 12:00:00','2025-02-03 13:00:00','Online','completed'),(28,'2025-02-03 13:00:00','2025-02-03 14:00:00','2025-02-03 13:00:00','2025-02-03 14:00:00','Online','completed'),(29,'2025-02-03 14:00:00','2025-02-03 15:00:00','2025-02-03 14:00:00','2025-02-03 15:00:00','Online','completed'),(30,'2025-02-03 15:00:00','2025-02-03 16:00:00','2025-02-03 15:00:00','2025-02-03 16:00:00','Online','completed'),
(31,'2025-02-03 16:00:00','2025-02-03 17:00:00','2025-02-03 16:00:00','2025-02-03 17:00:00','Online','completed'),(32,'2025-02-03 17:00:00','2025-02-03 18:00:00','2025-02-03 17:00:00','2025-02-03 18:00:00','Online','completed'),(33,'2025-02-03 18:00:00','2025-02-03 19:00:00','2025-02-03 18:00:00','2025-02-03 19:00:00','Online','completed'),(34,'2025-02-03 19:00:00','2025-02-03 20:00:00','2025-02-03 19:00:00','2025-02-03 20:00:00','Online','completed'),(35,'2025-02-03 20:00:00','2025-02-03 21:00:00','2025-02-03 20:00:00','2025-02-03 21:00:00','Microsoft Teams','completed'),(36,'2025-02-03 21:00:00','2025-02-03 22:00:00','2025-02-03 21:00:00','2025-02-03 22:00:00','Online','completed'),(37,'2025-02-04 10:00:00','2025-02-04 11:00:00','2025-02-04 10:00:00','2025-02-04 11:00:00','Online','completed'),(38,'2025-02-04 11:00:00','2025-02-04 12:00:00','2025-02-04 11:00:00','2025-02-04 12:00:00','Online','completed'),(39,'2025-02-04 12:00:00','2025-02-04 13:00:00','2025-02-04 12:00:00','2025-02-04 13:00:00','Online','completed'),(40,'2025-02-04 13:00:00','2025-02-04 14:00:00','2025-02-04 13:00:00','2025-02-04 14:00:00','Online','completed'),
(41,'2025-02-04 14:00:00','2025-02-04 15:00:00','2025-02-04 14:00:00','2025-02-04 15:00:00','Online','completed'),(42,'2025-02-04 15:00:00','2025-02-04 16:00:00','2025-02-04 15:00:00','2025-02-04 16:00:00','Online','completed'),(43,'2025-02-04 16:00:00','2025-02-04 17:00:00','2025-02-04 16:00:00','2025-02-04 17:00:00','Online','completed'),(44,'2025-02-04 17:00:00','2025-02-04 18:00:00','2025-02-04 17:00:00','2025-02-04 18:00:00','Online','completed'),(45,'2025-02-04 18:00:00','2025-02-04 19:00:00','2025-02-04 18:00:00','2025-02-04 19:00:00','Online','completed'),(46,'2025-02-04 19:00:00','2025-02-04 20:00:00','2025-02-04 19:00:00','2025-02-04 20:00:00','Online','completed'),(47,'2025-02-04 20:00:00','2025-02-04 21:00:00','2025-02-04 20:00:00','2025-02-04 21:00:00','Online','completed'),(48,'2025-02-04 21:00:00','2025-02-04 22:00:00','2025-02-04 21:00:00','2025-02-04 22:00:00','Online','completed'),(49,'2025-02-05 10:00:00','2025-02-05 11:00:00','2025-02-05 10:00:00','2025-02-05 11:00:00','Online','completed'),(50,'2025-02-05 11:00:00','2025-02-05 12:00:00','2025-02-05 11:00:00','2025-02-05 12:00:00','Study Hall 2','completed'),
(51,'2025-02-05 12:00:00','2025-02-05 13:00:00','2025-02-05 12:00:00','2025-02-05 13:00:00','Online','completed'),(52,'2025-02-05 13:00:00','2025-02-05 14:00:00','2025-02-05 13:00:00','2025-02-05 14:00:00','Online','completed'),(53,'2025-02-05 14:00:00','2025-02-05 15:00:00','2025-02-05 14:00:00','2025-02-05 15:00:00','Online','completed'),(54,'2025-02-05 15:00:00','2025-02-05 16:00:00','2025-02-05 15:00:00','2025-02-05 16:00:00','Online','completed'),(55,'2025-02-05 16:00:00','2025-02-05 17:00:00','2025-02-05 16:00:00','2025-02-05 17:00:00','Online','completed'),(56,'2025-02-05 17:00:00','2025-02-05 18:00:00','2025-02-05 17:00:00','2025-02-05 18:00:00','Online','completed'),(57,'2025-02-05 18:00:00','2025-02-05 19:00:00','2025-02-05 18:00:00','2025-02-05 19:00:00','Online','completed'),(58,'2025-02-05 19:00:00','2025-02-05 20:00:00','2025-02-05 19:00:00','2025-02-05 20:00:00','Online','completed'),(59,'2025-02-05 20:00:00','2025-02-05 21:00:00','2025-02-05 20:00:00','2025-02-05 21:00:00','Online','completed'),(60,'2025-02-05 21:00:00','2025-02-05 22:00:00','2025-02-05 21:00:00','2025-02-05 22:00:00','Online','completed'),
(61,'2025-02-06 10:00:00','2025-02-06 11:00:00','2025-02-06 10:00:00','2025-02-06 11:00:00','Online','completed'),(62,'2025-02-06 11:00:00','2025-02-06 12:00:00','2025-02-06 11:00:00','2025-02-06 12:00:00','Online','completed'),(63,'2025-02-06 12:00:00','2025-02-06 13:00:00','2025-02-06 12:00:00','2025-02-06 13:00:00','Online','completed'),(64,'2025-02-06 13:00:00','2025-02-06 14:00:00','2025-02-06 13:00:00','2025-02-06 14:00:00','Online','completed'),(65,'2025-02-06 14:00:00','2025-02-06 15:00:00','2025-02-06 14:00:00','2025-02-06 15:00:00','Online','completed'),(66,'2025-02-06 15:00:00','2025-02-06 16:00:00','2025-02-06 15:00:00','2025-02-06 16:00:00','Online','completed'),(67,'2025-02-06 16:00:00','2025-02-06 17:00:00','2025-02-06 16:00:00','2025-02-06 17:00:00','Online','completed'),(68,'2025-02-06 17:00:00','2025-02-06 18:00:00','2025-02-06 17:00:00','2025-02-06 18:00:00','Online','completed'),(69,'2025-02-06 18:00:00','2025-02-06 19:00:00','2025-02-06 18:00:00','2025-02-06 19:00:00','Online','completed'),(70,'2025-02-06 19:00:00','2025-02-06 20:00:00','2025-02-06 19:00:00','2025-02-06 20:00:00','Online','completed'),
(71,'2025-02-06 20:00:00','2025-02-06 21:00:00','2025-02-06 20:00:00','2025-02-06 21:00:00','Online','completed'),(72,'2025-02-06 21:00:00','2025-02-06 22:00:00','2025-02-06 21:00:00','2025-02-06 22:00:00','Online','completed'),(73,'2025-02-07 10:00:00','2025-02-07 11:00:00','2025-02-07 10:00:00','2025-02-07 11:00:00','Online','completed'),(74,'2025-02-07 11:00:00','2025-02-07 12:00:00','2025-02-07 11:00:00','2025-02-07 12:00:00','Online','completed'),(75,'2025-02-07 12:00:00','2025-02-07 13:00:00','2025-02-07 12:00:00','2025-02-07 13:00:00','In-person - Library','completed'),(76,'2025-02-07 13:00:00','2025-02-07 14:00:00','2025-02-07 13:00:00','2025-02-07 14:00:00','Online','completed'),(77,'2025-02-07 14:00:00','2025-02-07 15:00:00','2025-02-07 14:00:00','2025-02-07 15:00:00','Online','completed'),(78,'2025-02-07 15:00:00','2025-02-07 16:00:00','2025-02-07 15:00:00','2025-02-07 16:00:00','Online','completed'),(79,'2025-02-07 16:00:00','2025-02-07 17:00:00','2025-02-07 16:00:00','2025-02-07 17:00:00','Online','completed'),(80,'2025-02-07 17:00:00','2025-02-07 18:00:00','2025-02-07 17:00:00','2025-02-07 18:00:00','Online','completed'),
(81,'2025-02-07 18:00:00','2025-02-07 19:00:00','2025-02-07 18:00:00','2025-02-07 19:00:00','Online','completed'),(82,'2025-02-07 19:00:00','2025-02-07 20:00:00','2025-02-07 19:00:00','2025-02-07 20:00:00','Online','completed'),(83,'2025-02-07 20:00:00','2025-02-07 21:00:00','2025-02-07 20:00:00','2025-02-07 21:00:00','Online','completed'),(84,'2025-02-07 21:00:00','2025-02-07 22:00:00','2025-02-07 21:00:00','2025-02-07 22:00:00','Online','completed'),(85,'2025-02-08 10:00:00','2025-02-08 11:00:00','2025-02-08 10:00:00','2025-02-08 11:00:00','Online','completed'),(86,'2025-02-08 11:00:00','2025-02-08 12:00:00','2025-02-08 11:00:00','2025-02-08 12:00:00','Online','completed'),(87,'2025-02-08 12:00:00','2025-02-08 13:00:00','2025-02-08 12:00:00','2025-02-08 13:00:00','Online','completed'),(88,'2025-02-08 13:00:00','2025-02-08 14:00:00','2025-02-08 13:00:00','2025-02-08 14:00:00','Online','completed'),(89,'2025-02-08 14:00:00','2025-02-08 15:00:00','2025-02-08 14:00:00','2025-02-08 15:00:00','Online','completed'),(90,'2025-02-08 15:00:00','2025-02-08 16:00:00','2025-02-08 15:00:00','2025-02-08 16:00:00','Online','completed'),
(91,'2025-02-08 16:00:00','2025-02-08 17:00:00','2025-02-08 16:00:00','2025-02-08 17:00:00','Online','completed'),(92,'2025-02-08 17:00:00','2025-02-08 18:00:00','2025-02-08 17:00:00','2025-02-08 18:00:00','Online','completed'),(93,'2025-02-08 18:00:00','2025-02-08 19:00:00','2025-02-08 18:00:00','2025-02-08 19:00:00','Online','completed'),(94,'2025-02-08 19:00:00','2025-02-08 20:00:00','2025-02-08 19:00:00','2025-02-08 20:00:00','Online','completed'),(95,'2025-02-08 20:00:00','2025-02-08 21:00:00','2025-02-08 20:00:00','2025-02-08 21:00:00','Online','completed'),(96,'2025-02-08 21:00:00','2025-02-08 22:00:00','2025-02-08 21:00:00','2025-02-08 22:00:00','Online','completed'),(97,'2025-02-09 10:00:00','2025-02-09 11:00:00','2025-02-09 10:00:00','2025-02-09 11:00:00','Online','completed'),(98,'2025-02-09 11:00:00','2025-02-09 12:00:00','2025-02-09 11:00:00','2025-02-09 12:00:00','Online','completed'),(99,'2025-02-09 12:00:00','2025-02-09 13:00:00','2025-02-09 12:00:00','2025-02-09 13:00:00','Online','completed'),(100,'2025-02-09 13:00:00','2025-02-09 14:00:00','2025-02-09 13:00:00','2025-02-09 14:00:00','Online','completed'),
(101,'2025-02-09 14:00:00','2025-02-09 15:00:00','2025-02-09 14:00:00','2025-02-09 15:00:00','Online','completed'),(102,'2025-02-09 15:00:00','2025-02-09 16:00:00','2025-02-09 15:00:00','2025-02-09 16:00:00','Online','completed'),(103,'2025-02-09 16:00:00','2025-02-09 17:00:00','2025-02-09 16:00:00','2025-02-09 17:00:00','Online','completed'),(104,'2025-02-09 17:00:00','2025-02-09 18:00:00','2025-02-09 17:00:00','2025-02-09 18:00:00','Online','completed'),(105,'2025-02-09 18:00:00','2025-02-09 19:00:00','2025-02-09 18:00:00','2025-02-09 19:00:00','Online','completed'),(106,'2025-02-09 19:00:00','2025-02-09 20:00:00','2025-02-09 19:00:00','2025-02-09 20:00:00','Online','completed'),(107,'2025-02-09 20:00:00','2025-02-09 21:00:00','2025-02-09 20:00:00','2025-02-09 21:00:00','Online','completed'),(108,'2025-02-09 21:00:00','2025-02-09 22:00:00','2025-02-09 21:00:00','2025-02-09 22:00:00','Online','completed'),(109,'2025-02-10 09:00:00','2025-02-10 10:00:00','2025-02-10 09:00:00','2025-02-10 10:00:00','Online','completed'),(110,'2025-02-10 10:00:00','2025-02-10 11:00:00','2025-02-10 10:00:00','2025-02-10 11:00:00','Online','completed'),
(111,'2025-02-10 11:00:00','2025-02-10 12:00:00','2025-02-10 11:00:00','2025-02-10 12:00:00','Campus Lab 1','completed'),(112,'2025-02-10 12:00:00','2025-02-10 13:00:00',NULL,NULL,'Online','scheduled'),(113,'2025-02-10 13:00:00','2025-02-10 14:00:00','2025-02-10 13:00:00','2025-02-10 14:00:00','Online','completed'),(114,'2025-02-10 14:00:00','2025-02-10 15:00:00',NULL,NULL,'Online','cancelled'),(115,'2025-02-10 15:00:00','2025-02-10 16:00:00',NULL,NULL,'Online','scheduled'),(116,'2025-02-10 16:00:00','2025-02-10 17:00:00','2025-02-10 16:00:00','2025-02-10 17:00:00','Online','completed'),(117,'2025-02-10 17:00:00','2025-02-10 18:00:00',NULL,NULL,'Online','scheduled'),(118,'2025-02-10 18:00:00','2025-02-10 19:00:00','2025-02-10 18:00:00','2025-02-10 19:00:00','Online','completed'),(119,'2025-02-10 19:00:00','2025-02-10 20:00:00',NULL,NULL,'Online','scheduled'),(120,'2025-02-10 20:00:00','2025-02-10 21:00:00','2025-02-10 20:00:00','2025-02-10 21:00:00','Online','completed');

-- 14. VideoSession
INSERT INTO VideoSession (SessionID, MeetingLink, MeetingPassword, Platform, RecordingURL, Status) VALUES
(1,'https://zoom.us/j/1','pass','Zoom','https://recordings.skillexchange.edu/s/1','ended'),(2,'https://zoom.us/j/2','pass','Zoom',NULL,'ended'),(3,'https://zoom.us/j/3','pass','Zoom','https://recordings.skillexchange.edu/s/3','ended'),(4,'https://zoom.us/j/4','pass','Zoom',NULL,'ended'),(5,'https://zoom.us/j/5','pass','Zoom','https://recordings.skillexchange.edu/s/5','ended'),(6,'https://zoom.us/j/6','pass','Zoom',NULL,'ended'),(7,'https://zoom.us/j/7','pass','Zoom','https://recordings.skillexchange.edu/s/7','ended'),(8,'https://zoom.us/j/8','pass','Zoom',NULL,'ended'),(9,'https://zoom.us/j/9','pass','Zoom','https://recordings.skillexchange.edu/s/9','ended'),(10,'https://zoom.us/j/10','pass','Zoom',NULL,'ended'),
(11,'https://zoom.us/j/11','pass','Zoom','https://recordings.skillexchange.edu/s/11','ended'),(12,'https://zoom.us/j/12','pass','Zoom',NULL,'ended'),(13,'https://zoom.us/j/13','pass','Zoom','https://recordings.skillexchange.edu/s/13','ended'),(14,'https://zoom.us/j/14','pass','Zoom',NULL,'ended'),(15,'https://zoom.us/j/15','pass','Zoom','https://recordings.skillexchange.edu/s/15','ended'),(16,'https://zoom.us/j/16','pass','Zoom',NULL,'ended'),(17,'https://zoom.us/j/17','pass','Zoom','https://recordings.skillexchange.edu/s/17','ended'),(18,'https://zoom.us/j/18','pass','Zoom',NULL,'ended'),(19,'https://zoom.us/j/19','pass','Zoom','https://recordings.skillexchange.edu/s/19','ended'),(20,'https://zoom.us/j/20','pass','Zoom',NULL,'ended'),
(21,'https://zoom.us/j/21','pass','Zoom','https://recordings.skillexchange.edu/s/21','ended'),(22,'https://zoom.us/j/22','pass','Zoom',NULL,'ended'),(23,'https://zoom.us/j/23','pass','Zoom','https://recordings.skillexchange.edu/s/23','ended'),(24,'https://zoom.us/j/24','pass','Zoom',NULL,'ended'),(25,'https://zoom.us/j/25','pass','Zoom','https://recordings.skillexchange.edu/s/25','ended'),(26,'https://zoom.us/j/26','pass','Zoom',NULL,'ended'),(27,'https://zoom.us/j/27','pass','Zoom','https://recordings.skillexchange.edu/s/27','ended'),(28,'https://zoom.us/j/28','pass','Zoom',NULL,'ended'),(29,'https://zoom.us/j/29','pass','Zoom','https://recordings.skillexchange.edu/s/29','ended'),(30,'https://zoom.us/j/30','pass','Zoom',NULL,'ended'),
(31,'https://zoom.us/j/31','pass','Zoom','https://recordings.skillexchange.edu/s/31','ended'),(32,'https://zoom.us/j/32','pass','Zoom',NULL,'ended'),(33,'https://zoom.us/j/33','pass','Zoom','https://recordings.skillexchange.edu/s/33','ended'),(34,'https://zoom.us/j/34','pass','Zoom',NULL,'ended'),(35,'https://zoom.us/j/35','pass','Zoom','https://recordings.skillexchange.edu/s/35','ended'),(36,'https://zoom.us/j/36','pass','Zoom',NULL,'ended'),(37,'https://zoom.us/j/37','pass','Zoom','https://recordings.skillexchange.edu/s/37','ended'),(38,'https://zoom.us/j/38','pass','Zoom',NULL,'ended'),(39,'https://zoom.us/j/39','pass','Zoom','https://recordings.skillexchange.edu/s/39','ended'),(40,'https://zoom.us/j/40','pass','Zoom',NULL,'ended'),
(41,'https://zoom.us/j/41','pass','Zoom','https://recordings.skillexchange.edu/s/41','ended'),(42,'https://zoom.us/j/42','pass','Zoom',NULL,'ended'),(43,'https://zoom.us/j/43','pass','Zoom','https://recordings.skillexchange.edu/s/43','ended'),(44,'https://zoom.us/j/44','pass','Zoom',NULL,'ended'),(45,'https://zoom.us/j/45','pass','Zoom','https://recordings.skillexchange.edu/s/45','ended'),(46,'https://zoom.us/j/46','pass','Zoom',NULL,'ended'),(47,'https://zoom.us/j/47','pass','Zoom','https://recordings.skillexchange.edu/s/47','ended'),(48,'https://zoom.us/j/48','pass','Zoom',NULL,'ended'),(49,'https://zoom.us/j/49','pass','Zoom','https://recordings.skillexchange.edu/s/49','ended'),(50,'https://zoom.us/j/50','pass','Zoom',NULL,'ended'),
(51,'https://zoom.us/j/51','pass','Zoom','https://recordings.skillexchange.edu/s/51','ended'),(52,'https://zoom.us/j/52','pass','Zoom',NULL,'ended'),(53,'https://zoom.us/j/53','pass','Zoom','https://recordings.skillexchange.edu/s/53','ended'),(54,'https://zoom.us/j/54','pass','Zoom',NULL,'ended'),(55,'https://zoom.us/j/55','pass','Zoom','https://recordings.skillexchange.edu/s/55','ended'),(56,'https://zoom.us/j/56','pass','Zoom',NULL,'ended'),(57,'https://zoom.us/j/57','pass','Zoom','https://recordings.skillexchange.edu/s/57','ended'),(58,'https://zoom.us/j/58','pass','Zoom',NULL,'ended'),(59,'https://zoom.us/j/59','pass','Zoom','https://recordings.skillexchange.edu/s/59','ended'),(60,'https://zoom.us/j/60','pass','Zoom',NULL,'ended'),
(61,'https://zoom.us/j/61','pass','Zoom','https://recordings.skillexchange.edu/s/61','ended'),(62,'https://zoom.us/j/62','pass','Zoom',NULL,'ended'),(63,'https://zoom.us/j/63','pass','Zoom','https://recordings.skillexchange.edu/s/63','ended'),(64,'https://zoom.us/j/64','pass','Zoom',NULL,'ended'),(65,'https://zoom.us/j/65','pass','Zoom','https://recordings.skillexchange.edu/s/65','ended'),(66,'https://zoom.us/j/66','pass','Zoom',NULL,'ended'),(67,'https://zoom.us/j/67','pass','Zoom','https://recordings.skillexchange.edu/s/67','ended'),(68,'https://zoom.us/j/68','pass','Zoom',NULL,'ended'),(69,'https://zoom.us/j/69','pass','Zoom','https://recordings.skillexchange.edu/s/69','ended'),(70,'https://zoom.us/j/70','pass','Zoom',NULL,'ended'),
(71,'https://zoom.us/j/71','pass','Zoom','https://recordings.skillexchange.edu/s/71','ended'),(72,'https://zoom.us/j/72','pass','Zoom',NULL,'ended'),(73,'https://zoom.us/j/73','pass','Zoom','https://recordings.skillexchange.edu/s/73','ended'),(74,'https://zoom.us/j/74','pass','Zoom',NULL,'ended'),(75,'https://zoom.us/j/75','pass','Zoom','https://recordings.skillexchange.edu/s/75','ended'),(76,'https://zoom.us/j/76','pass','Zoom',NULL,'ended'),(77,'https://zoom.us/j/77','pass','Zoom','https://recordings.skillexchange.edu/s/77','ended'),(78,'https://zoom.us/j/78','pass','Zoom',NULL,'ended'),(79,'https://zoom.us/j/79','pass','Zoom','https://recordings.skillexchange.edu/s/79','ended'),(80,'https://zoom.us/j/80','pass','Zoom',NULL,'ended'),
(81,'https://zoom.us/j/81','pass','Zoom','https://recordings.skillexchange.edu/s/81','ended'),(82,'https://zoom.us/j/82','pass','Zoom',NULL,'ended'),(83,'https://zoom.us/j/83','pass','Zoom','https://recordings.skillexchange.edu/s/83','ended'),(84,'https://zoom.us/j/84','pass','Zoom',NULL,'ended'),(85,'https://zoom.us/j/85','pass','Zoom','https://recordings.skillexchange.edu/s/85','ended'),(86,'https://zoom.us/j/86','pass','Zoom',NULL,'ended'),(87,'https://zoom.us/j/87','pass','Zoom','https://recordings.skillexchange.edu/s/87','ended'),(88,'https://zoom.us/j/88','pass','Zoom',NULL,'ended'),(89,'https://zoom.us/j/89','pass','Zoom','https://recordings.skillexchange.edu/s/89','ended'),(90,'https://zoom.us/j/90','pass','Zoom',NULL,'ended'),
(91,'https://zoom.us/j/91','pass','Zoom','https://recordings.skillexchange.edu/s/91','ended'),(92,'https://zoom.us/j/92','pass','Zoom',NULL,'ended'),(93,'https://zoom.us/j/93','pass','Zoom','https://recordings.skillexchange.edu/s/93','ended'),(94,'https://zoom.us/j/94','pass','Zoom',NULL,'ended'),(95,'https://zoom.us/j/95','pass','Zoom','https://recordings.skillexchange.edu/s/95','ended'),(96,'https://zoom.us/j/96','pass','Zoom',NULL,'ended'),(97,'https://zoom.us/j/97','pass','Zoom','https://recordings.skillexchange.edu/s/97','ended'),(98,'https://zoom.us/j/98','pass','Zoom',NULL,'ended'),(99,'https://zoom.us/j/99','pass','Zoom','https://recordings.skillexchange.edu/s/99','ended'),(100,'https://zoom.us/j/100','pass','Zoom',NULL,'ended'),
(101,'https://zoom.us/j/101','pass','Zoom','https://recordings.skillexchange.edu/s/101','ended'),(102,'https://zoom.us/j/102','pass','Zoom',NULL,'ended'),(103,'https://zoom.us/j/103','pass','Zoom','https://recordings.skillexchange.edu/s/103','ended'),(104,'https://zoom.us/j/104','pass','Zoom',NULL,'ended'),(105,'https://zoom.us/j/105','pass','Zoom',NULL,'ended'),(106,'https://zoom.us/j/106','pass','Zoom','https://recordings.skillexchange.edu/s/106','ended'),(107,'https://zoom.us/j/107','pass','Zoom',NULL,'ended'),(108,'https://zoom.us/j/108','pass','Zoom','https://recordings.skillexchange.edu/s/108','ended'),(109,'https://zoom.us/j/109','pass','Zoom',NULL,'ended'),(110,'https://zoom.us/j/110','pass','Zoom','https://recordings.skillexchange.edu/s/110','ended'),
(111,'https://zoom.us/j/111','pass','Zoom','https://recordings.skillexchange.edu/s/111','ended'),(112,'https://zoom.us/j/112','pass','Zoom',NULL,'not-started'),(113,'https://zoom.us/j/113','pass','Zoom',NULL,'ended'),(114,'https://zoom.us/j/114','pass','Zoom',NULL,'not-started'),(115,'https://zoom.us/j/115','pass','Zoom',NULL,'not-started'),(116,'https://zoom.us/j/116','pass','Zoom','https://recordings.skillexchange.edu/s/116','ended'),(117,'https://zoom.us/j/117','pass','Zoom',NULL,'not-started'),(118,'https://zoom.us/j/118','pass','Zoom','https://recordings.skillexchange.edu/s/118','ended'),(119,'https://zoom.us/j/119','pass','Zoom',NULL,'not-started'),(120,'https://zoom.us/j/120','pass','Zoom',NULL,'ended');

-- 15. Payment (Amount is PKR; admin/superadmin /api/v1/reports aggregates these rows)
INSERT INTO Payment (ExchangeID, Amount, PaymentStatus, PaymentMethod, PaidAt) VALUES
(1,1050,'completed','Cash',NOW()),(2,1100,'completed','Bank Transfer',NOW()),(3,1150,'completed','Cash',NOW()),(4,1200,'completed','Bank Transfer',NOW()),(5,1250,'completed','Cash',NOW()),(6,1300,'completed','Bank Transfer',NOW()),(7,1350,'completed','Cash',NOW()),(8,1400,'completed','Bank Transfer',NOW()),(9,1450,'completed','Cash',NOW()),(10,1500,'completed','Bank Transfer',NOW()),
(11,1550,'completed','Cash',NOW()),(12,1600,'completed','Bank Transfer',NOW()),(13,1650,'completed','Cash',NOW()),(14,1700,'completed','Bank Transfer',NOW()),(15,1750,'completed','Cash',NOW()),(16,1800,'completed','Bank Transfer',NOW()),(17,1850,'completed','Cash',NOW()),(18,1900,'completed','Bank Transfer',NOW()),(19,1950,'completed','Cash',NOW()),(20,2000,'completed','Bank Transfer',NOW()),
(21,2050,'completed','Cash',NOW()),(22,2100,'completed','Bank Transfer',NOW()),(23,2150,'completed','Cash',NOW()),(24,2200,'completed','Bank Transfer',NOW()),(25,2250,'completed','Cash',NOW()),(26,2300,'completed','Bank Transfer',NOW()),(27,2350,'completed','Cash',NOW()),(28,2400,'completed','Bank Transfer',NOW()),(29,2450,'completed','Cash',NOW()),(30,2500,'completed','Bank Transfer',NOW()),
(31,2550,'completed','Cash',NOW()),(32,2600,'completed','Bank Transfer',NOW()),(33,2650,'completed','Cash',NOW()),(34,2700,'completed','Bank Transfer',NOW()),(35,2750,'completed','Cash',NOW()),(36,2800,'completed','Bank Transfer',NOW()),(37,2850,'completed','Cash',NOW()),(38,2900,'completed','Bank Transfer',NOW()),(39,2950,'completed','Cash',NOW()),(40,3000,'completed','Bank Transfer',NOW()),
(41,3050,'completed','Cash',NOW()),(42,3100,'completed','Bank Transfer',NOW()),(43,3150,'completed','Cash',NOW()),(44,3200,'completed','Bank Transfer',NOW()),(45,3250,'completed','Cash',NOW()),(46,3300,'completed','Bank Transfer',NOW()),(47,3350,'completed','Cash',NOW()),(48,3400,'completed','Bank Transfer',NOW()),(49,3450,'completed','Cash',NOW()),(50,3500,'completed','Bank Transfer',NOW()),
(51,3550,'completed','Cash',NOW()),(52,3600,'completed','Bank Transfer',NOW()),(53,3650,'completed','Cash',NOW()),(54,3700,'completed','Bank Transfer',NOW()),(55,3750,'completed','Cash',NOW()),(56,3800,'completed','Bank Transfer',NOW()),(57,3850,'completed','Cash',NOW()),(58,3900,'completed','Bank Transfer',NOW()),(59,3950,'completed','Cash',NOW()),(60,4000,'completed','Bank Transfer',NOW()),
(61,4050,'completed','Cash',NOW()),(62,4100,'completed','Bank Transfer',NOW()),(63,4150,'completed','Cash',NOW()),(64,4200,'completed','Bank Transfer',NOW()),(65,4250,'completed','Cash',NOW()),(66,4300,'completed','Bank Transfer',NOW()),(67,4350,'completed','Cash',NOW()),(68,4400,'completed','Bank Transfer',NOW()),(69,4450,'completed','Cash',NOW()),(70,4500,'completed','Bank Transfer',NOW()),
(71,4550,'completed','Cash',NOW()),(72,4600,'completed','Bank Transfer',NOW()),(73,4650,'completed','Cash',NOW()),(74,4700,'completed','Bank Transfer',NOW()),(75,4750,'completed','Cash',NOW()),(76,4800,'completed','Bank Transfer',NOW()),(77,4850,'completed','Cash',NOW()),(78,4900,'completed','Bank Transfer',NOW()),(79,4950,'completed','Cash',NOW()),(80,5000,'completed','Bank Transfer',NOW()),
(81,5050,'completed','Cash',NOW()),(82,5100,'completed','Bank Transfer',NOW()),(83,5150,'completed','Cash',NOW()),(84,5200,'completed','Bank Transfer',NOW()),(85,5250,'completed','Cash',NOW()),(86,5300,'completed','Bank Transfer',NOW()),(87,5350,'completed','Cash',NOW()),(88,5400,'completed','Bank Transfer',NOW()),(89,5450,'completed','Cash',NOW()),(90,5500,'completed','Bank Transfer',NOW()),
(91,5550,'completed','Cash',NOW()),(92,5600,'completed','Bank Transfer',NOW()),(93,5650,'completed','Cash',NOW()),(94,5700,'completed','Bank Transfer',NOW()),(95,5750,'completed','Cash',NOW()),(96,5800,'completed','Bank Transfer',NOW()),(97,5850,'completed','Cash',NOW()),(98,5900,'completed','Bank Transfer',NOW()),(99,5950,'completed','Cash',NOW()),(100,6000,'completed','Bank Transfer',NOW());

-- 16. Review
INSERT INTO Review (ExchangeID, SessionID, ReviewerID, RevieweeID, Rating, Feedback) VALUES
(1,1,23,22,5,'Very helpful session, explained everything clearly.'),(2,2,24,23,5,'Good tutor. Would book again.'),(3,3,25,24,5,'Clear and patient. Recommended.'),(4,4,26,25,4,'Learned a lot in one hour. Thank you!'),(5,5,27,26,5,'Great session. Exactly what I needed.'),(6,6,28,27,5,'Helpful and professional.'),(7,7,29,28,5,'Very helpful session, explained everything clearly.'),(8,8,30,29,5,'Good tutor. Would book again.'),(9,9,31,30,4,'Clear and patient. Recommended.'),(10,10,32,31,5,'Learned a lot in one hour. Thank you!'),
(11,11,33,32,5,'Great session. Exactly what I needed.'),(12,12,34,33,5,'Helpful and professional.'),(13,13,35,34,5,'Very helpful session, explained everything clearly.'),(14,14,36,35,4,'Good tutor. Would book again.'),(15,15,37,36,5,'Clear and patient. Recommended.'),(16,16,38,37,5,'Learned a lot in one hour. Thank you!'),(17,17,39,38,5,'Great session. Exactly what I needed.'),(18,18,40,39,5,'Helpful and professional.'),(19,19,41,40,4,'Very helpful session, explained everything clearly.'),(20,20,42,41,5,'Good tutor. Would book again.'),
(21,21,43,42,5,'Clear and patient. Recommended.'),(22,22,44,43,5,'Learned a lot in one hour. Thank you!'),(23,23,45,44,5,'Great session. Exactly what I needed.'),(24,24,46,45,4,'Helpful and professional.'),(25,25,47,46,5,'Very helpful session, explained everything clearly.'),(26,26,48,47,5,'Good tutor. Would book again.'),(27,27,49,48,5,'Clear and patient. Recommended.'),(28,28,50,49,5,'Learned a lot in one hour. Thank you!'),(29,29,51,50,4,'Great session. Exactly what I needed.'),(30,30,52,51,5,'Helpful and professional.'),
(31,31,53,52,5,'Very helpful session, explained everything clearly.'),(32,32,54,53,5,'Good tutor. Would book again.'),(33,33,55,54,5,'Clear and patient. Recommended.'),(34,34,56,55,4,'Learned a lot in one hour. Thank you!'),(35,35,57,56,5,'Great session. Exactly what I needed.'),(36,36,58,57,5,'Helpful and professional.'),(37,37,59,58,5,'Very helpful session, explained everything clearly.'),(38,38,60,59,5,'Good tutor. Would book again.'),(39,39,61,60,4,'Clear and patient. Recommended.'),(40,40,62,61,5,'Learned a lot in one hour. Thank you!'),
(41,41,63,62,5,'Great session. Exactly what I needed.'),(42,42,64,63,5,'Helpful and professional.'),(43,43,65,64,5,'Very helpful session, explained everything clearly.'),(44,44,66,65,4,'Good tutor. Would book again.'),(45,45,67,66,5,'Clear and patient. Recommended.'),(46,46,68,67,5,'Learned a lot in one hour. Thank you!'),(47,47,69,68,5,'Great session. Exactly what I needed.'),(48,48,70,69,5,'Helpful and professional.'),(49,49,71,70,4,'Very helpful session, explained everything clearly.'),(50,50,72,71,5,'Good tutor. Would book again.'),
(51,51,73,72,5,'Clear and patient. Recommended.'),(52,52,74,73,5,'Learned a lot in one hour. Thank you!'),(53,53,75,74,5,'Great session. Exactly what I needed.'),(54,54,76,75,4,'Helpful and professional.'),(55,55,77,76,5,'Very helpful session, explained everything clearly.'),(56,56,78,77,5,'Good tutor. Would book again.'),(57,57,79,78,5,'Clear and patient. Recommended.'),(58,58,80,79,5,'Learned a lot in one hour. Thank you!'),(59,59,81,80,4,'Great session. Exactly what I needed.'),(60,60,82,81,5,'Helpful and professional.'),
(61,61,83,82,5,'Very helpful session, explained everything clearly.'),(62,62,84,83,5,'Good tutor. Would book again.'),(63,63,85,84,5,'Clear and patient. Recommended.'),(64,64,86,85,4,'Learned a lot in one hour. Thank you!'),(65,65,87,86,5,'Great session. Exactly what I needed.'),(66,66,88,87,5,'Helpful and professional.'),(67,67,89,88,5,'Very helpful session, explained everything clearly.'),(68,68,90,89,5,'Good tutor. Would book again.'),(69,69,91,90,4,'Clear and patient. Recommended.'),(70,70,92,91,5,'Learned a lot in one hour. Thank you!'),
(71,71,93,92,5,'Great session. Exactly what I needed.'),(72,72,94,93,5,'Helpful and professional.'),(73,73,95,94,5,'Very helpful session, explained everything clearly.'),(74,74,96,95,4,'Good tutor. Would book again.'),(75,75,97,96,5,'Clear and patient. Recommended.'),(76,76,98,97,5,'Learned a lot in one hour. Thank you!'),(77,77,99,98,5,'Great session. Exactly what I needed.'),(78,78,100,99,5,'Helpful and professional.'),(79,79,101,100,4,'Very helpful session, explained everything clearly.'),(80,80,102,101,5,'Good tutor. Would book again.'),
(81,81,103,102,5,'Clear and patient. Recommended.'),(82,82,104,103,5,'Learned a lot in one hour. Thank you!'),(83,83,105,104,5,'Great session. Exactly what I needed.'),(84,84,106,105,4,'Helpful and professional.'),(85,85,107,106,5,'Very helpful session, explained everything clearly.'),(86,86,108,107,5,'Good tutor. Would book again.'),(87,87,109,108,5,'Clear and patient. Recommended.'),(88,88,110,109,5,'Learned a lot in one hour. Thank you!'),(89,89,111,110,4,'Great session. Exactly what I needed.'),(90,90,112,111,5,'Helpful and professional.'),
(91,91,113,112,5,'Very helpful session, explained everything clearly.'),(92,92,114,113,5,'Good tutor. Would book again.'),(93,93,115,114,5,'Clear and patient. Recommended.'),(94,94,116,115,4,'Learned a lot in one hour. Thank you!'),(95,95,117,116,5,'Great session. Exactly what I needed.'),(96,96,118,117,5,'Helpful and professional.'),(97,97,119,118,5,'Very helpful session, explained everything clearly.'),(98,98,120,119,5,'Good tutor. Would book again.'),(99,99,121,120,4,'Clear and patient. Recommended.'),(100,100,122,121,5,'Learned a lot in one hour. Thank you!');

-- 17. Message 
INSERT INTO Message (ConversationID, SenderID, Content, IsRead) VALUES
(1,22,'Hi! I saw your offer on the platform and would like to schedule a session. When are you free this week?',1),(2,22,'Hi! I saw your offer and would like to book a slot. Are you free on weekends?',1),(3,22,'Hello! Interested in your offer. When can we do a session?',1),(4,23,'Hi! I would like to schedule a session. When are you free?',1),(5,22,'Saw your offer. Would like to learn. When this week?',1),(6,24,'Hi! I saw your offer on the platform and would like to schedule a session. When are you free this week?',1),(7,22,'Hello! Want to book. Free evenings?',1),(8,25,'Hi! Interested. When are you available?',1),(9,22,'Would like to schedule. Weekends work?',1),(10,26,'Hi! I saw your offer. When can we do a session?',1),
(11,22,'Hello! Interested in your offer. When free?',1),(12,27,'Hi! Would like to schedule a session. When are you free this week?',1),(13,22,'Saw your offer. When can we do it?',1),(14,28,'Hi! I would like to book. When are you free?',1),(15,22,'Hi! Interested. Weekends or evenings?',1),(16,29,'Hello! Saw your offer. When available?',1),(17,22,'Would like to schedule. When this week?',1),(18,30,'Hi! I saw your offer. When are you free?',1),(19,22,'Hello! Want to learn. When free?',1),(20,31,'Hi! Interested in your offer. When can we do a session?',1),
(21,22,'Hi! Would like to book. When are you free this week?',1),(22,32,'Hello! Saw your offer. When available?',1),(23,22,'Interested. Weekends work?',1),(24,33,'Hi! I would like to schedule. When free?',1),(25,22,'Hi! Saw your offer. When can we do it?',1),(26,34,'Hello! Interested in your offer. When are you free?',1),(27,22,'Would like to schedule. When this week?',1),(28,35,'Hi! Want to book. When available?',1),(29,22,'Hi! I saw your offer. When free?',1),(30,36,'Hello! Would like to schedule. When are you free?',1),
(31,22,'Interested. When can we do a session?',1),(32,37,'Hi! Saw your offer. When this week?',1),(33,22,'Hello! Would like to book. When free?',1),(34,38,'Hi! Interested. When are you available?',1),(35,22,'Saw your offer. When weekends or evenings?',1),(36,39,'Hello! I would like to schedule. When free?',1),(37,22,'Hi! Want to learn. When are you free?',1),(38,40,'Hi! Saw your offer. When can we do a session?',1),(39,22,'Would like to schedule. When available?',1),(40,41,'Hello! Interested in your offer. When this week?',1),
(41,22,'Hi! I saw your offer. When free?',1),(42,42,'Hi! Would like to book. When are you free?',1),(43,22,'Interested. When can we do it?',1),(44,43,'Hello! Saw your offer. When available?',1),(45,22,'Hi! Would like to schedule. When this week?',1),(46,44,'Hi! I would like to schedule. When free?',1),(47,22,'Saw your offer. When weekends?',1),(48,45,'Hello! Interested. When are you free?',1),(49,22,'Hi! Want to book. When can we do a session?',1),(50,46,'Hi! Saw your offer. When available?',1),
(51,22,'Hello! Interested in your offer. When free?',1),(52,47,'Hi! Would like to schedule. When this week?',1),(53,22,'Hi! I saw your offer. When are you free?',1),(54,48,'Hello! Want to book. When free?',1),(55,22,'Would like to schedule. When can we do it?',1),(56,49,'Hi! Saw your offer. When available?',1),(57,22,'Interested. When weekends or evenings?',1),(58,50,'Hello! I would like to schedule. When are you free?',1),(59,22,'Hi! Saw your offer. When this week?',1),(60,51,'Hi! Interested. When free?',1),
(61,22,'Hello! Would like to book. When can we do a session?',1),(62,52,'Hi! Saw your offer. When available?',1),(63,22,'Hi! Interested in your offer. When free?',1),(64,53,'Hello! Would like to schedule. When this week?',1),(65,22,'Saw your offer. When are you free?',1),(66,54,'Hi! I would like to schedule. When free?',1),(67,22,'Would like to schedule. When weekends?',1),(68,55,'Hello! Interested. When can we do it?',1),(69,22,'Hi! Want to learn. When available?',1),(70,56,'Hi! Saw your offer. When are you free?',1),
(71,22,'Hello! I saw your offer. When this week?',1),(72,57,'Hi! Would like to book. When free?',1),(73,22,'Interested. When can we do a session?',1),(74,58,'Hello! Saw your offer. When available?',1),(75,22,'Hi! Would like to schedule. When free?',1),(76,59,'Hi! Interested in your offer. When are you free?',1),(77,22,'Saw your offer. When weekends or evenings?',1),(78,60,'Hello! I would like to schedule. When this week?',1),(79,22,'Hi! Interested. When can we do it?',1),(80,61,'Hi! Want to book. When free?',1),
(81,22,'Hello! Saw your offer. When available?',1),(82,62,'Hi! Would like to schedule. When are you free?',1),(83,22,'Hi! I saw your offer. When this week?',1),(84,63,'Hello! Interested. When free?',1),(85,22,'Would like to schedule. When can we do a session?',1),(86,64,'Hi! Saw your offer. When available?',1),(87,22,'Interested. When weekends?',1),(88,65,'Hello! Would like to book. When are you free?',1),(89,22,'Hi! Want to learn. When free?',1),(90,66,'Hi! I would like to schedule. When this week?',1),
(91,22,'Hello! Interested in your offer. When can we do it?',1),(92,67,'Hi! Saw your offer. When free?',1),(93,22,'Hi! Would like to schedule. When available?',1),(94,68,'Hello! Interested. When are you free?',1),(95,22,'Saw your offer. When this week?',1),(96,69,'Hi! Would like to book. When free?',1),(97,22,'Would like to schedule. When weekends or evenings?',1),(98,70,'Hello! I saw your offer. When can we do a session?',1),(99,22,'Hi! Interested. When free?',1),(100,71,'Hi! Saw your offer. When are you available?',1);

-- 18. SkillQuestion 4 proper questions per skill (skills 1-30)
INSERT INTO SkillQuestion (SkillID, QuestionText, CorrectAnswer, Points) VALUES
(1, 'What keyword defines a function in Python?', 'def', 1), (1, 'What does len([1,2,3]) return?', '3', 1), (1, 'Which symbol starts a single-line comment in Python?', '#', 1), (1, 'What is the output of 2 ** 3 in Python?', '8', 1),
(2, 'Which keyword declares a block-scoped variable in JavaScript?', 'let', 1), (2, 'What is typeof null in JavaScript?', 'object', 1), (2, 'Which method adds an element to the end of an array?', 'push', 1), (2, 'What does === mean in JavaScript?', 'Strict equality', 1),
(3, 'What does PRIMARY KEY enforce in a table?', 'Uniqueness and NOT NULL', 1), (3, 'Which clause filters rows in SQL?', 'WHERE', 1), (3, 'Which normal form removes transitive dependency?', '3NF', 2), (3, 'What keyword joins two tables?', 'JOIN', 1),
(4, 'Choose the correct article: ___ hour.', 'an', 1), (4, 'Past tense of the verb "write" is ___.', 'wrote', 1), (4, 'Which is correct: "He ___ to school every day."', 'goes', 1), (4, 'Comparative form of "good" is ___.', 'better', 1),
(5, 'Urdu script is written in which direction?', 'Right to left', 1), (5, 'How many letters in the Urdu alphabet (basic)?', '38', 1), (5, 'Urdu is written in which script?', 'Nastaliq', 1), (5, 'Common greeting in Urdu in the morning?', 'Subah bakhair', 1),
(6, 'Arabic is written from which direction?', 'Right to left', 1), (6, 'How many letters in the Arabic alphabet?', '28', 1), (6, 'What is "book" in Arabic (with definite article)?', 'Al-kitab', 1), (6, 'Which script is used for Arabic?', 'Arabic script', 1),
(7, 'Which format is best for logos that need to scale?', 'Vector', 1), (7, 'What does RGB stand for?', 'Red Green Blue', 1), (7, 'Which tool is used for layout and design?', 'Canva or similar', 1), (7, 'What is the rule of thirds?', 'Composition guideline', 1),
(8, 'What does UX stand for?', 'User Experience', 1), (8, 'What does UI stand for?', 'User Interface', 1), (8, 'Which tool is popular for UI prototyping?', 'Figma', 1), (8, 'What is a wireframe?', 'Low-fidelity layout', 1),
(9, 'What is the purpose of B-roll in video editing?', 'Supporting footage', 1), (9, 'Which cut joins two shots without transition?', 'Straight cut', 1), (9, 'What does "cut on action" mean?', 'Cut during movement', 1), (9, 'What is keyframing used for?', 'Animation and effects', 1),
(10, 'What is the derivative of x^2?', '2x', 1), (10, 'What is the integral of 1 dx?', 'x + C', 1), (10, 'What does the limit as x approaches 0 of sin(x)/x equal?', '1', 2), (10, 'Derivative of e^x is ___.', 'e^x', 1),
(11, 'Determinant of 2x2 identity matrix is ___.', '1', 1), (11, 'What is the dot product of perpendicular vectors?', '0', 1), (11, 'Eigenvalues are found by solving ___.', 'Characteristic equation', 2), (11, 'Rank of a matrix is the dimension of its ___.', 'Column space', 1),
(12, 'What does standard deviation measure?', 'Spread of data', 1), (12, 'What does p-value less than 0.05 typically indicate?', 'Statistically significant', 1), (12, 'What is the mean of a normal distribution?', 'Center', 1), (12, 'Which test compares two means?', 't-test', 1),
(13, 'Standard tuning of the 6th string (thickest) on guitar is ___.', 'E', 1), (13, 'What are the strings in standard tuning (thick to thin)?', 'E A D G B E', 1), (13, 'What is a chord?', 'Three or more notes together', 1), (13, 'What does "fret" mean?', 'Metal strip on neck', 1),
(14, 'How many keys does a standard piano have?', '88', 1), (14, 'What are the white keys on a piano called (in C major)?', 'Natural notes', 1), (14, 'Middle C is in which octave?', 'Fourth', 1), (14, 'What does "dynamics" mean in music?', 'Volume variation', 1),
(15, 'Which pencil is softest for shading?', '6B or 8B', 1), (15, 'What is hatching in drawing?', 'Parallel lines for shade', 1), (15, 'What is the vanishing point used for?', 'Perspective', 1), (15, 'Which eraser is best for precision?', 'Kneaded or vinyl', 1),
(16, 'How many pages should a typical CV be?', '1-2', 1), (16, 'What should come first in a CV?', 'Contact and summary', 1), (16, 'What is a cover letter?', 'Letter with application', 1), (16, 'Which tense is best for resume bullet points?', 'Action verbs / past', 1),
(17, 'What does maintaining eye contact help in?', 'Building rapport', 1), (17, 'What is the purpose of a hook in a presentation?', 'Grab attention', 1), (17, 'What does "pace" mean in speaking?', 'Speed of delivery', 1), (17, 'Why use pauses in a speech?', 'Emphasis and clarity', 1),
(18, 'What is the STAR method used for?', 'Answering behavior questions', 1), (18, 'What should you do before an interview?', 'Research the company', 1), (18, 'What is a technical interview?', 'Tests skills and problem-solving', 1), (18, 'What does "culture fit" mean?', 'Values and work style match', 1),
(19, 'What does a pivot table do?', 'Summarize and analyze data', 1), (19, 'What is correlation coefficient range?', '-1 to 1', 1), (19, 'What is an outlier?', 'Unusual data point', 1), (19, 'What does "median" represent?', 'Middle value', 1),
(20, 'What is overfitting in ML?', 'Model fits training data too closely', 1), (20, 'What is a training set?', 'Data used to train model', 1), (20, 'What does "epoch" mean in neural networks?', 'One pass through training data', 1), (20, 'What is classification?', 'Predicting a category', 1),
(21, 'What does VLOOKUP do in Excel?', 'Look up value in table', 1), (21, 'What character starts a formula in Excel?', '=', 1), (21, 'What does SUMIF do?', 'Sum with condition', 1), (21, 'What is a cell reference?', 'Address of a cell', 1),
(22, 'What does "clear clc close all" do in MATLAB?', 'Clear workspace and figures', 1), (22, 'How do you create a row vector in MATLAB?', 'Square brackets, space or comma', 1), (22, 'What does the semicolon do at end of line in MATLAB?', 'Suppress output', 1), (22, 'What is the plot function used for?', 'Draw 2D graph', 1),
(23, 'What is the Arduino microcontroller family based on?', 'AVR', 1), (23, 'What does "pinMode" do?', 'Set pin as input or output', 1), (23, 'What is the default voltage for Arduino digital HIGH?', '5V', 1), (23, 'What does "delay(1000)" do?', 'Pause 1000 ms', 1),
(24, 'What does PCB stand for?', 'Printed Circuit Board', 1), (24, 'What is a schematic?', 'Circuit diagram', 1), (24, 'What is copper pour used for?', 'Ground or power plane', 1), (24, 'What is DRC in PCB design?', 'Design Rule Check', 1),
(25, 'What is a headline in content writing?', 'Title that grabs attention', 1), (25, 'What is SEO?', 'Search Engine Optimization', 1), (25, 'What is a call-to-action (CTA)?', 'Prompt to take action', 1), (25, 'What is tone in writing?', 'Attitude or voice', 1),
(26, 'What is technical documentation?', 'Instructions and specs', 1), (26, 'What is a user manual?', 'Guide for end users', 1), (26, 'What does "concise" mean in writing?', 'Brief and clear', 1), (26, 'What is an API document?', 'Description of API usage', 1),
(27, 'What is the climax in a story?', 'Turning point or peak', 1), (27, 'What is first-person narrative?', 'Narrator is "I"', 1), (27, 'What is a metaphor?', 'Comparison without like/as', 1), (27, 'What is dialogue?', 'Conversation between characters', 1),
(28, 'What does aperture control?', 'Amount of light and depth of field', 1), (28, 'What is ISO in photography?', 'Sensor sensitivity', 1), (28, 'What is composition?', 'Arrangement of elements', 1), (28, 'What does shutter speed control?', 'Duration of exposure', 1),
(29, 'What does SEO stand for?', 'Search Engine Optimization', 1), (29, 'What is a target audience?', 'Intended audience', 1), (29, 'What is CTR?', 'Click-Through Rate', 1), (29, 'What is branding?', 'Identity and perception', 1),
(30, 'What does PM stand for in project management?', 'Project Manager or Project Management', 1), (30, 'What is a Gantt chart?', 'Timeline of tasks', 1), (30, 'What is a milestone?', 'Key checkpoint', 1), (30, 'What is the critical path?', 'Longest path, no slack', 1);

-- 19. QuestionOption: 2, 3, or 4 options per question (at least 2). One correct per question.
INSERT INTO QuestionOption (QuestionID, OptionKey, OptionText, IsCorrect) VALUES
(1,'A','function',0),(1,'B','def',1),(1,'C','func',0),(2,'A','2',0),(2,'B','3',1),(2,'C','4',0),(3,'A','#',0),(3,'B','//',0),(3,'C','#',1),(4,'A','4',0),(4,'B','8',1),(5,'A','var',0),(5,'B','let',1),
(6,'A','null',0),(6,'B','object',1),(6,'C','undefined',0),(6,'D','string',0),(7,'A','pop',0),(7,'B','push',1),(7,'C','add',0),(7,'D','append',0),(8,'A','Assignment',0),(8,'B','Strict equality',1),(8,'C','Loose equality',0),(8,'D','Comparison',0),
(9,'A','Index only',0),(9,'B','Uniqueness and NOT NULL',1),(9,'C','Sort order',0),(9,'D','Default value',0),(10,'A','SELECT',0),(10,'B','WHERE',1),(10,'C','FROM',0),(10,'D','HAVING',0),(11,'A','1NF',0),(11,'B','2NF',0),(11,'C','3NF',1),(11,'D','4NF',0),(12,'A','WHERE',0),(12,'B','JOIN',1),(12,'C','ON',0),(12,'D','USING',0),
(13,'A','a',0),(13,'B','an',1),(13,'C','the',0),(13,'D','no article',0),(14,'A','writed',0),(14,'B','wrote',1),(14,'C','written',0),(14,'D','writing',0),(15,'A','go',0),(15,'B','goes',1),(15,'C','going',0),(15,'D','went',0),(16,'A','gooder',0),(16,'B','better',1),(16,'C','more good',0),(16,'D','best',0),
(17,'A','Left to right',0),(17,'B','Right to left',1),(17,'C','Top to bottom',0),(17,'D','Vertical',0),(18,'A','26',0),(18,'B','38',1),(18,'C','42',0),(18,'D','36',0),(19,'A','Naskh',0),(19,'B','Nastaliq',1),(19,'C','Kufic',0),(19,'D','Diwani',0),(20,'A','Shab bakhair',0),(20,'B','Subah bakhair',1),(20,'C','Assalam o alaikum',0),(20,'D','Alvida',0),
(21,'A','Left to right',0),(21,'B','Right to left',1),(21,'C','Vertical',0),(21,'D','Circular',0),(22,'A','26',0),(22,'B','28',1),(22,'C','30',0),(22,'D','32',0),(23,'A','Kitab',0),(23,'B','Al-kitab',1),(23,'C','Al-kitabu',0),(23,'D','The book',0),(24,'A','Latin',0),(24,'B','Arabic script',1),(24,'C','Cyrillic',0),(24,'D','Devanagari',0),
(25,'A','Raster',0),(25,'B','Vector',1),(25,'C','JPEG',0),(25,'D','PNG',0),(26,'A','Red Gray Blue',0),(26,'B','Red Green Blue',1),(26,'C','Right Green Black',0),(26,'D','Range Green Blue',0),(27,'A','Code editor',0),(27,'B','Canva or similar',1),(27,'C','Database tool',0),(27,'D','Spreadsheet',0),(28,'A','Color rule',0),(28,'B','Composition guideline',1),(28,'C','Font rule',0),(28,'D','Layer rule',0),
(29,'A','User Extension',0),(29,'B','User Experience',1),(29,'C','Universal Export',0),(29,'D','Unit Example',0),(30,'A','Unit Index',0),(30,'B','User Interface',1),(30,'C','Universal Input',0),(30,'D','User Integration',0),(31,'A','Photoshop',0),(31,'B','Figma',1),(31,'C','Excel',0),(31,'D','Word',0),(32,'A','High-fidelity layout',0),(32,'B','Low-fidelity layout',1),(32,'C','Code skeleton',0),(32,'D','Style guide',0),
(33,'A','Main footage',0),(33,'B','Supporting footage',1),(33,'C','Audio only',0),(33,'D','Thumbnail',0),(34,'A','Jump cut',0),(34,'B','Straight cut',1),(34,'C','Fade',0),(34,'D','Dissolve',0),(35,'A','Cut before movement',0),(35,'B','Cut during movement',1),(35,'C','Cut after movement',0),(35,'D','No cut',0),(36,'A','Color grading',0),(36,'B','Animation and effects',1),(36,'C','Export only',0),(36,'D','Import only',0),
(37,'A','x',0),(37,'B','2x',1),(37,'C','x^2',0),(37,'D','2',0),(38,'A','x',0),(38,'B','x + C',1),(38,'C','1',0),(38,'D','0',0),(39,'A','0',0),(39,'B','1',1),(39,'C','2',0),(39,'D','Undefined',0),(40,'A','xe^x',0),(40,'B','e^x',1),(40,'C','e',0),(40,'D','0',0),
(41,'A','0',0),(41,'B','1',1),(41,'C','2',0),(41,'D','-1',0),(42,'A','1',0),(42,'B','0',1),(42,'C','-1',0),(42,'D','Length product',0),(43,'A','Determinant equation',0),(43,'B','Characteristic equation',1),(43,'C','Linear equation',0),(43,'D','Quadratic equation',0),(44,'A','Null space',0),(44,'B','Column space',1),(44,'C','Row space',0),(44,'D','Eigen space',0),
(45,'A','Center of data',0),(45,'B','Spread of data',1),(45,'C','Count of data',0),(45,'D','Sum of data',0),(46,'A','Not significant',0),(46,'B','Statistically significant',1),(46,'C','Random',0),(46,'D','Invalid',0),(47,'A','Spread',0),(47,'B','Center',1),(47,'C','Skewness',0),(47,'D','Range',0),(48,'A','F-test',0),(48,'B','t-test',1),(48,'C','Chi-square',0),(48,'D','ANOVA',0),
(49,'A','A',0),(49,'B','E',1),(49,'C','G',0),(49,'D','D',0),(50,'A','E B G D A E',0),(50,'B','E A D G B E',1),(50,'C','A D G B E A',0),(50,'D','D G B E A D',0),(51,'A','Two notes',0),(51,'B','Three or more notes together',1),(51,'C','One note',0),(51,'D','A scale',0),(52,'A','String name',0),(52,'B','Metal strip on neck',1),(52,'C','Pick',0),(52,'D','Bridge',0),
(53,'A','76',0),(53,'B','88',1),(53,'C','72',0),(53,'D','96',0),(54,'A','Sharp notes',0),(54,'B','Natural notes',1),(54,'C','Flat notes',0),(54,'D','Accidentals',0),(55,'A','Third',0),(55,'B','Fourth',1),(55,'C','Fifth',0),(55,'D','Second',0),(56,'A','Pitch variation',0),(56,'B','Volume variation',1),(56,'C','Tempo',0),(56,'D','Key',0),
(57,'A','2H',0),(57,'B','6B or 8B',1),(57,'C','HB',0),(57,'D','4H',0),(58,'A','Cross lines',0),(58,'B','Parallel lines for shade',1),(58,'C','Dots',0),(58,'D','Circles',0),(59,'A','Proportion',0),(59,'B','Perspective',1),(59,'C','Balance',0),(59,'D','Contrast',0),(60,'A','Rubber',0),(60,'B','Kneaded or vinyl',1),(60,'C','Pencil',0),(60,'D','Blending stump',0),
(61,'A','3-4',0),(61,'B','1-2',1),(61,'C','5-6',0),(61,'D','No limit',0),(62,'A','Education',0),(62,'B','Contact and summary',1),(62,'C','References',0),(62,'D','Hobbies',0),(63,'A','Resume copy',0),(63,'B','Letter with application',1),(63,'C','Thank-you note',0),(63,'D','Reference list',0),(64,'A','Present continuous',0),(64,'B','Action verbs / past',1),(64,'C','Future',0),(64,'D','Passive',0),
(65,'A','Avoiding audience',0),(65,'B','Building rapport',1),(65,'C','Reading slides',0),(65,'D','Speaking fast',0),(66,'A','Conclusion',0),(66,'B','Grab attention',1),(66,'C','Summary',0),(66,'D','References',0),(67,'A','Pitch',0),(67,'B','Speed of delivery',1),(67,'C','Volume',0),(67,'D','Tone',0),(68,'A','Fill time',0),(68,'B','Emphasis and clarity',1),(68,'C','Slow down',0),(68,'D','Pause for questions',0),
(69,'A','Writing code',0),(69,'B','Answering behavior questions',1),(69,'C','Drawing diagrams',0),(69,'D','Taking notes',0),(70,'A','Prepare outfit only',0),(70,'B','Research the company',1),(70,'C','Memorize script',0),(70,'D','Skip breakfast',0),(71,'A','Tests personality only',0),(71,'B','Tests skills and problem-solving',1),(71,'C','Tests language',0),(71,'D','Fitness',0),(72,'A','Salary match',0),(72,'B','Values and work style match',1),(72,'C','Location match',0),(72,'D','Age match',0),
(73,'A','Store data',0),(73,'B','Summarize and analyze data',1),(73,'C','Delete data',0),(73,'D','Format only',0),(74,'A','0 to 1',0),(74,'B','-1 to 1',1),(74,'C','-2 to 2',0),(74,'D','0 to 2',0),(75,'A','Average value',0),(75,'B','Unusual data point',1),(75,'C','Missing value',0),(75,'D','First value',0),(76,'A','Average value',0),(76,'B','Middle value',1),(76,'C','Most frequent',0),(76,'D','Sum',0),
(77,'A','Model too simple',0),(77,'B','Model fits training data too closely',1),(77,'C','Too many features',0),(77,'D','No validation',0),(78,'A','Data for testing',0),(78,'B','Data used to train model',1),(78,'C','Raw data',0),(78,'D','Validation data',0),(79,'A','One layer',0),(79,'B','One pass through training data',1),(79,'C','One batch',0),(79,'D','One neuron',0),(80,'A','Predicting a number',0),(80,'B','Predicting a category',1),(80,'C','Clustering',0),(80,'D','Dimensionality reduction',0),
(81,'A','Sum values',0),(81,'B','Look up value in table',1),(81,'C','Sort table',0),(81,'D','Filter rows',0),(82,'A','+',0),(82,'B','=',1),(82,'C','#',0),(82,'D','@',0),(83,'A','Count with condition',0),(83,'B','Sum with condition',1),(83,'C','Average',0),(83,'D','Max',0),(84,'A','Name of sheet',0),(84,'B','Address of a cell',1),(84,'C','Formula',0),(84,'D','Chart',0),
(85,'A','Run script',0),(85,'B','Clear workspace and figures',1),(85,'C','Save file',0),(85,'D','Load data',0),(86,'A','Curly braces',0),(86,'B','Square brackets, space or comma',1),(86,'C','Parentheses',0),(86,'D','Colon',0),(87,'A','Comment',0),(87,'B','Suppress output',1),(87,'C','New line',0),(87,'D','Concatenate',0),(88,'A','Draw 3D graph',0),(88,'B','Draw 2D graph',1),(88,'C','Save figure',0),(88,'D','Clear figure',0),
(89,'A','ARM',0),(89,'B','AVR',1),(89,'C','x86',0),(89,'D','MIPS',0),(90,'A','Set pin value',0),(90,'B','Set pin as input or output',1),(90,'C','Read analog',0),(90,'D','Delay',0),(91,'A','3.3V',0),(91,'B','5V',1),(91,'C','12V',0),(91,'D','1.8V',0),(92,'A','Pause 1 second',0),(92,'B','Pause 1000 ms',1),(92,'C','Pause 1000 seconds',0),(92,'D','Run 1000 times',0),
(93,'A','Programmable Circuit Board',0),(93,'B','Printed Circuit Board',1),(93,'C','Primary Circuit Board',0),(93,'D','Passive Component Board',0),(94,'A','Layout',0),(94,'B','Circuit diagram',1),(94,'C','Bill of materials',0),(94,'D','Gerber file',0),(95,'A','Signal trace',0),(95,'B','Ground or power plane',1),(95,'C','Silk screen',0),(95,'D','Drill hole',0),(96,'A','Design Rule Check',1),(96,'B','Data Rate Control',0),(96,'C','Digital Reset Circuit',0),(96,'D','Default Reference Code',0),
(97,'A','Subheading',0),(97,'B','Title that grabs attention',1),(97,'C','Footer',0),(97,'D','Caption',0),(98,'A','Search Engine Optimization',1),(98,'B','System Error Output',0),(98,'C','Secure Email Option',0),(98,'D','Standard Export Order',0),(99,'A','Call to action',0),(99,'B','Prompt to take action',1),(99,'C','Footer link',0),(99,'D','Newsletter',0),(100,'A','Grammar',0),(100,'B','Attitude or voice',1),(100,'C','Length',0),(100,'D','Format',0),
(101,'A','Creative writing',0),(101,'B','Instructions and specs',1),(101,'C','Fiction',0),(101,'D','Poetry',0),(102,'A','API reference',0),(102,'B','Guide for end users',1),(102,'C','Internal doc',0),(102,'D','Release notes',0),(103,'A','Long and detailed',0),(103,'B','Brief and clear',1),(103,'C','Informal',0),(103,'D','Verbose',0),(104,'A','Description of API usage',1),(104,'B','User guide',0),(104,'C','Tutorial',0),(104,'D','FAQ',0),
(105,'A','Introduction',0),(105,'B','Turning point or peak',1),(105,'C','Conclusion',0),(105,'D','Setting',0),(106,'A','Narrator is he/she',0),(106,'B','Narrator is I',1),(106,'C','No narrator',0),(106,'D','Multiple narrators',0),(107,'A','Comparison with like/as',0),(107,'B','Comparison without like/as',1),(107,'C','Rhyme',0),(107,'D','Alliteration',0),(108,'A','Monologue',0),(108,'B','Conversation between characters',1),(108,'C','Narration',0),(108,'D','Description',0),
(109,'A','Focus only',0),(109,'B','Amount of light and depth of field',1),(109,'C','ISO only',0),(109,'D','White balance',0),(110,'A','Image format',0),(110,'B','Sensor sensitivity',1),(110,'C','Lens size',0),(110,'D','Shutter type',0),(111,'A','Light only',0),(111,'B','Arrangement of elements',1),(111,'C','Color only',0),(111,'D','Focus only',0),(112,'A','Aperture',0),(112,'B','Duration of exposure',1),(112,'C','ISO',0),(112,'D','Focal length',0),
(113,'A','Search Engine Optimization',1),(113,'B','System Error Output',0),(113,'C','Secure Email Option',0),(113,'D','Standard Export Order',0),(114,'A','Demographic',0),(114,'B','Intended audience',1),(114,'C','Competitor',0),(114,'D','Supplier',0),(115,'A','Conversion Rate',0),(115,'B','Click-Through Rate',1),(115,'C','Cost Per Click',0),(115,'D','Call To Response',0),(116,'A','Logo only',0),(116,'B','Identity and perception',1),(116,'C','Tagline only',0),(116,'D','Color scheme only',0),
(117,'A','Program Module',0),(117,'B','Project Manager or Project Management',1),(117,'C','Performance Metric',0),(117,'D','Process Model',0),(118,'A','Pie chart',0),(118,'B','Timeline of tasks',1),(118,'C','Org chart',0),(118,'D','Flowchart',0),(119,'A','Task list',0),(119,'B','Key checkpoint',1),(119,'C','Resource',0),(119,'D','Risk',0),(120,'A','Shortest path',0),(120,'B','Longest path, no slack',1),(120,'C','Path with most tasks',0),(120,'D','Critical tasks only',0);

-- 20. SkillEvaluation 
INSERT INTO SkillEvaluation (StudentID, SkillID, AdminID, StartedAt, SubmittedAt, Score, TotalPossible, Status) VALUES
(22,1,1,NOW(),NOW(),2,4,'graded'),(23,2,2,NOW(),NOW(),3,4,'graded'),(24,3,3,NOW(),NOW(),2,4,'graded'),(25,4,4,NOW(),NOW(),4,4,'graded'),(26,5,5,NOW(),NOW(),2,4,'graded'),(27,6,6,NOW(),NOW(),3,4,'graded'),(28,7,7,NOW(),NOW(),2,4,'graded'),(29,8,8,NOW(),NOW(),3,4,'graded'),(30,9,9,NOW(),NOW(),4,4,'graded'),(31,10,10,NOW(),NOW(),2,4,'graded'),
(32,11,11,NOW(),NOW(),3,4,'graded'),(33,12,12,NOW(),NOW(),2,4,'graded'),(34,13,13,NOW(),NOW(),3,4,'graded'),(35,14,14,NOW(),NOW(),4,4,'graded'),(36,15,15,NOW(),NOW(),2,4,'graded'),(37,16,16,NOW(),NOW(),3,4,'graded'),(38,17,17,NOW(),NOW(),2,4,'graded'),(39,18,18,NOW(),NOW(),3,4,'graded'),(40,19,19,NOW(),NOW(),4,4,'graded'),(41,20,20,NOW(),NOW(),2,4,'graded'),
(42,21,1,NOW(),NOW(),3,4,'graded'),(43,22,2,NOW(),NOW(),2,4,'graded'),(44,23,3,NOW(),NOW(),3,4,'graded'),(45,24,4,NOW(),NOW(),4,4,'graded'),(46,25,5,NOW(),NOW(),2,4,'graded'),(47,26,6,NOW(),NOW(),3,4,'graded'),(48,27,7,NOW(),NOW(),2,4,'graded'),(49,28,8,NOW(),NOW(),3,4,'graded'),(50,29,9,NOW(),NOW(),4,4,'graded'),(51,30,10,NOW(),NOW(),2,4,'graded'),
(52,1,11,NOW(),NOW(),3,4,'graded'),(53,2,12,NOW(),NOW(),2,4,'graded'),(54,3,13,NOW(),NOW(),3,4,'graded'),(55,4,14,NOW(),NOW(),4,4,'graded'),(56,5,15,NOW(),NOW(),2,4,'graded'),(57,6,16,NOW(),NOW(),3,4,'graded'),(58,7,17,NOW(),NOW(),2,4,'graded'),(59,8,18,NOW(),NOW(),3,4,'graded'),(60,9,19,NOW(),NOW(),4,4,'graded'),(61,10,20,NOW(),NOW(),2,4,'graded'),
(62,11,1,NOW(),NOW(),3,4,'graded'),(63,12,2,NOW(),NOW(),2,4,'graded'),(64,13,3,NOW(),NOW(),3,4,'graded'),(65,14,4,NOW(),NOW(),4,4,'graded'),(66,15,5,NOW(),NOW(),2,4,'graded'),(67,16,6,NOW(),NOW(),3,4,'graded'),(68,17,7,NOW(),NOW(),2,4,'graded'),(69,18,8,NOW(),NOW(),3,4,'graded'),(70,19,9,NOW(),NOW(),4,4,'graded'),(71,20,10,NOW(),NOW(),2,4,'graded'),
(72,21,11,NOW(),NOW(),3,4,'graded'),(73,22,12,NOW(),NOW(),2,4,'graded'),(74,23,13,NOW(),NOW(),3,4,'graded'),(75,24,14,NOW(),NOW(),4,4,'graded'),(76,25,15,NOW(),NOW(),2,4,'graded'),(77,26,16,NOW(),NOW(),3,4,'graded'),(78,27,17,NOW(),NOW(),2,4,'graded'),(79,28,18,NOW(),NOW(),3,4,'graded'),(80,29,19,NOW(),NOW(),4,4,'graded'),(81,30,20,NOW(),NOW(),2,4,'graded'),
(82,1,1,NOW(),NOW(),3,4,'graded'),(83,2,2,NOW(),NOW(),2,4,'graded'),(84,3,3,NOW(),NOW(),3,4,'graded'),(85,4,4,NOW(),NOW(),4,4,'graded'),(86,5,5,NOW(),NOW(),2,4,'graded'),(87,6,6,NOW(),NOW(),3,4,'graded'),(88,7,7,NOW(),NOW(),2,4,'graded'),(89,8,8,NOW(),NOW(),3,4,'graded'),(90,9,9,NOW(),NOW(),4,4,'graded'),(91,10,10,NOW(),NOW(),2,4,'graded'),
(92,11,11,NOW(),NOW(),3,4,'graded'),(93,12,12,NOW(),NOW(),2,4,'graded'),(94,13,13,NOW(),NOW(),3,4,'graded'),(95,14,14,NOW(),NOW(),4,4,'graded'),(96,15,15,NOW(),NOW(),2,4,'graded'),(97,16,16,NOW(),NOW(),3,4,'graded'),(98,17,17,NOW(),NOW(),2,4,'graded'),(99,18,18,NOW(),NOW(),3,4,'graded'),(100,19,19,NOW(),NOW(),4,4,'graded'),(101,20,20,NOW(),NOW(),2,4,'graded'),
(102,21,1,NOW(),NOW(),3,4,'graded'),(103,22,2,NOW(),NOW(),2,4,'graded'),(104,23,3,NOW(),NOW(),3,4,'graded'),(105,24,4,NOW(),NOW(),4,4,'graded'),(106,25,5,NOW(),NOW(),2,4,'graded'),(107,26,6,NOW(),NOW(),3,4,'graded'),(108,27,7,NOW(),NOW(),2,4,'graded'),(109,28,8,NOW(),NOW(),3,4,'graded'),(110,29,9,NOW(),NOW(),4,4,'graded'),(111,30,10,NOW(),NOW(),2,4,'graded'),
(112,1,11,NOW(),NOW(),3,4,'graded'),(113,2,12,NOW(),NOW(),2,4,'graded'),(114,3,13,NOW(),NOW(),3,4,'graded'),(115,4,14,NOW(),NOW(),4,4,'graded'),(116,5,15,NOW(),NOW(),2,4,'graded'),(117,6,16,NOW(),NOW(),3,4,'graded'),(118,7,17,NOW(),NOW(),2,4,'graded'),(119,8,18,NOW(),NOW(),3,4,'graded'),(120,9,19,NOW(),NOW(),4,4,'graded'),(121,10,20,NOW(),NOW(),2,4,'graded');

-- 21. EvaluationAnswer 
INSERT INTO EvaluationAnswer (EvaluationID, QuestionID, StudentAnswer) VALUES
(1,1,'B'),(2,2,'A'),(3,3,'C'),(4,4,'C'),(5,5,'B'),(6,6,'B'),(7,7,'B'),(8,8,'D'),(9,9,'B'),(10,10,'B'),
(11,11,'C'),(12,12,'B'),(13,13,'A'),(14,14,'B'),(15,15,'B'),(16,16,'B'),(17,17,'B'),(18,18,'B'),(19,19,'C'),(20,20,'B'),
(21,21,'B'),(22,22,'B'),(23,23,'A'),(24,24,'B'),(25,25,'B'),(26,26,'B'),(27,27,'B'),(28,28,'B'),(29,29,'B'),(30,30,'B'),
(31,31,'B'),(32,32,'C'),(33,33,'B'),(34,34,'B'),(35,35,'B'),(36,36,'B'),(37,37,'B'),(38,38,'B'),(39,39,'B'),(40,40,'B'),
(41,41,'B'),(42,42,'B'),(43,43,'B'),(44,44,'A'),(45,45,'B'),(46,46,'B'),(47,47,'B'),(48,48,'B'),(49,49,'B'),(50,50,'B'),
(51,51,'B'),(52,52,'B'),(53,53,'B'),(54,54,'B'),(55,55,'D'),(56,56,'B'),(57,57,'B'),(58,58,'B'),(59,59,'B'),(60,60,'B'),
(61,61,'B'),(62,62,'B'),(63,63,'A'),(64,64,'B'),(65,65,'B'),(66,66,'B'),(67,67,'B'),(68,68,'B'),(69,69,'B'),(70,70,'B'),
(71,71,'B'),(72,72,'B'),(73,73,'B'),(74,74,'B'),(75,75,'C'),(76,76,'B'),(77,77,'B'),(78,78,'B'),(79,79,'B'),(80,80,'B'),
(81,81,'B'),(82,82,'B'),(83,83,'B'),(84,84,'B'),(85,85,'B'),(86,86,'B'),(87,87,'B'),(88,88,'B'),(89,89,'B'),(90,90,'B'),
(91,91,'B'),(92,92,'B'),(93,93,'B'),(94,94,'B'),(95,95,'B'),(96,96,'A'),(97,97,'B'),(98,98,'A'),(99,99,'B'),(100,100,'B');

-- 22. Portfolio 
INSERT INTO Portfolio (StudentID, SkillID, Description) VALUES
(22,1,'Built a data scraping script for a course project using Python and requests.'),(23,2,'Small React todo app for learning state and hooks.'),(24,3,'Designed and implemented a student DB for a class assignment.'),(25,4,'IELTS preparation and conversation practice with peers.'),(26,5,'Translated short articles from English to Urdu for a newsletter.'),
(27,6,'Basic Quranic Arabic reading and vocabulary notes.'),(28,7,'Event posters and social media graphics for university society.'),(29,8,'Wireframes and high-fidelity mockups for a mobile app idea.'),(30,9,'Edited short vlogs and a mini-documentary for YouTube.'),(31,10,'Tutored calculus I; solved past papers and step-by-step notes.'),
(32,11,'Solved linear algebra assignments and explained concepts to juniors.'),(33,12,'Analyzed survey data and wrote a short stats report.'),(34,13,'Performed at a small university music night; learned fingerstyle.'),(35,14,'Played piano for a local school annual day.'),(36,15,'Sketch portraits and still-life for hobby; shared on Instagram.'),
(37,16,'Helped five friends rewrite CVs and get shortlisted.'),(38,17,'Won best speaker at department debate competition.'),(39,18,'Conducted mock interviews for final-year students.'),(40,19,'Excel and Python analysis for a research assistant role.'),(41,20,'Course project: image classifier using a pre-trained model.'),
(42,21,'Built dashboards and automated reports for a student club.'),(43,22,'Simulations and plots for a control systems course.'),(44,23,'Smart home prototype with Arduino and sensors.'),(45,24,'Designed a simple PCB for an LED board in lab.'),(46,25,'Blog posts and social captions for a campus blog.'),
(47,26,'User manual and API notes for a final-year project.'),(48,27,'Short stories and poetry published in campus magazine.'),(49,28,'Event and portrait photography for society events.'),(50,29,'Ran a small Instagram page; basic ads and engagement.'),(51,30,'Led a team of four for a semester project; used Gantt and tasks.'),
(52,1,'Automated file renaming and backup script in Python.'),(53,2,'Weather app using fetch API and local storage.'),(54,3,'ER diagram and SQL queries for a library system.'),(55,4,'Proofread essays and gave feedback for IELTS candidates.'),(56,5,'Wrote and recited Urdu poetry at a mushaira.'),
(57,6,'Translated simple paragraphs from Arabic to Urdu.'),(58,7,'Logo and branding for a startup idea.'),(59,8,'Usability test report and redesign suggestions.'),(60,9,'Short course promo video edited in DaVinci Resolve.'),(61,10,'Solved integration and limits for calculus II.'),
(62,11,'Explained eigenvalues and diagonalization to classmates.'),(63,12,'Hypothesis testing and confidence intervals for a report.'),(64,13,'Cover songs uploaded on YouTube; acoustic guitar.'),(65,14,'Accompanied choir on piano for a university event.'),(66,15,'Character sketches and concept art for a game jam.'),
(67,16,'CV and cover letter that got an internship offer.'),(68,17,'Presented final-year project in front of external jury.'),(69,18,'Shared interview tips and common questions with juniors.'),(70,19,'Pivot tables and charts for a marketing assignment.'),(71,20,'Sentiment analysis on tweets for a mini project.'),
(72,21,'Budget and attendance tracker in Excel with formulas.'),(73,22,'Signal processing and FFT plots in MATLAB.'),(74,23,'Line-following robot with Arduino.'),(75,24,'Two-layer PCB design for a power supply module.'),(76,25,'Product descriptions and FAQ for a small business.'),
(77,26,'Technical report for a robotics competition.'),(78,27,'Flash fiction and micro-stories for a blog.'),(79,28,'Street and landscape photography portfolio.'),(80,29,'Facebook page growth and simple ad campaigns.'),(81,30,'Coordinated deadlines and deliverables for a group assignment.'),
(82,1,'CLI tool to organize downloads by extension.'),(83,2,'Quiz app with timer and score tracking.'),(84,3,'Normalized schema and wrote stored procedures.'),(85,4,'Conversation partner for spoken English practice.'),(86,5,'Subtitled a short documentary in Urdu.'),
(87,6,'Read and summarized a short Arabic story.'),(88,7,'Infographic and brochure for a workshop.'),(89,8,'Personas and user journey for an e-commerce idea.'),(90,9,'Music video edit for a friend band.'),(91,10,'Past paper solutions shared with juniors.'),
(92,11,'Tutorial notes on matrix operations and applications.'),(93,12,'Regression analysis and interpretation for a project.'),(94,13,'Open mic performances; rhythm and chord practice.'),(95,14,'Composed a short melody for a drama background.'),(96,15,'Life drawing and anatomy practice sketches.'),
(97,16,'Resume templates and tips document for department.'),(98,17,'Moderated a panel discussion at a seminar.'),(99,18,'STAR-formatted answers document for interviews.'),(100,19,'Cleaned and visualized a public dataset in Python.'),(101,20,'Trained a simple recommendation model for a course.'),
(102,21,'Grade calculator and GPA tracker spreadsheet.'),(103,22,'ODE solver and phase portrait plots.'),(104,23,'Bluetooth-controlled car with Arduino.'),(105,24,'Schematic review and DRC fixes for a group project.'),(106,25,'Newsletter content for a student club.'),
(107,26,'README and setup guide for a GitHub project.'),(108,27,'Dialogue and scene writing for a short film script.'),(109,28,'Product and food photography for a friend startup.'),(110,29,'LinkedIn content and basic personal branding.'),(111,30,'Sprint plan and standup notes for a dev project.');
UPDATE User
SET PasswordHash = '$2b$10$rGiFR2CJC2w/FFX78IH0zupABY8zCVWfxATGUk2DeevwFGieUHrUK'
WHERE Email = 'superadmin@skillexchange.edu.pk';
UPDATE User
SET PasswordHash = '$2b$10$im0vqeQuUuWZZ7DoD5ZHVe2lAxKAlAr.mO6zFCJaLQIWx/NxZc5qW'
WHERE Email = 'admin.itu@itu.edu.pk';